"Processing.Method","Aroma","Flavor","Aftertaste","Body","Acidity","Balance","Sweetness","Uniformity","Moisture"
"Washed / Wet",8.67,8.83,8.67,8.5,8.75,8.42,10,10,0.12
"Washed / Wet",8.75,8.67,8.5,8.42,8.58,8.42,10,10,0.12
"Natural / Dry",8.17,8.58,8.42,8.5,8.42,8.25,10,10,0.11
"Washed / Wet",8.25,8.5,8.25,8.42,8.5,8.33,10,10,0.12
"Natural / Dry",8.58,8.42,8.42,8.25,8.5,8.33,10,10,0.11
"Washed / Wet",8.42,8.5,8.33,8.25,8.5,8.25,10,10,0.11
"Natural / Dry",8.08,8.58,8.5,7.67,8.5,8.42,10,10,0.1
"Natural / Dry",8.17,8.67,8.25,7.75,8.5,8.17,10,10,0.1
"Washed / Wet",8.25,8.42,8.17,8.08,8.33,8.17,10,10,0
"Washed / Wet",8.08,8.67,8.33,8,8.42,8.08,10,10,0
"Washed / Wet",8,8.5,8.58,8.17,8.17,8,10,10,0
"Washed / Wet",8.42,8.25,8.08,7.92,8.17,8,10,10,0.1
"Natural / Dry",8.17,8.17,8,8.08,8.17,8.33,10,10,0
"Washed / Wet",8,8.25,8.08,8.25,8.5,8,10,10,0
"Washed / Wet",8.08,8.25,8,8,8.17,8.33,10,10,0.11
"Washed / Wet",8.17,8.25,8.17,7.83,8,8.17,10,10,0.13
"Washed / Wet",8.25,8.33,8.17,7.83,8.17,8.17,10,10,0
"Natural / Dry",8.42,8.17,7.92,8.33,8.17,8,10,10,0.11
"Natural / Dry",8.5,8.5,8,8,8,8,10,10,0.12
"Washed / Wet",8.42,8.17,8.17,7.83,8.17,7.92,10,10,0.12
"Natural / Dry",8.42,8.17,8.17,7.58,8,8,10,10,0.11
"Natural / Dry",8.5,8.17,8,8,7.75,8,10,10,0.12
"Washed / Wet",8.17,7.83,8,7.83,8.08,8,10,10,0
"Natural / Dry",8,8.08,7.92,8.08,8,8.08,10,10,0.1
"Washed / Wet",8.08,8,8,7.92,8.25,7.92,10,10,0.12
"Natural / Dry",8.08,8.17,8,7.92,7.92,7.83,10,10,0
"Washed / Wet",7.67,8.17,8,8.17,8,8.08,10,10,0
"Washed / Wet",7.83,8.33,7.83,7.58,8.25,7.92,10,10,0.1
"Semi-washed / Semi-pulped",8.08,8.17,7.75,7.75,8.08,7.83,10,10,0.12
"Natural / Dry",8.08,8.08,8,7.83,8,8.08,10,10,0.11
"Semi-washed / Semi-pulped",8.33,8,8,7.75,8,8,10,10,0.11
"Semi-washed / Semi-pulped",8.08,8.08,7.83,8.08,7.92,7.92,10,10,0
"Washed / Wet",7.75,7.92,7.83,8.08,8.08,8.17,10,10,0.12
"Washed / Wet",7.92,8.17,7.83,7.5,8.5,7.92,10,10,0.11
"Washed / Wet",8.25,8,7.83,8,8.08,7.92,10,10,0.1
"Washed / Wet",7.92,8.08,7.92,8.08,8.08,7.83,10,10,0.1
"Natural / Dry",8.17,8.17,7.92,7.83,8.08,7.75,10,10,0.12
"Washed / Wet",8,8,8,7.83,8.17,8,10,10,0
"Washed / Wet",8,8,7.92,7.83,8.08,8,10,10,0.08
"Washed / Wet",7.83,8.08,7.92,8,8.08,7.92,10,10,0.1
"Washed / Wet",7.83,8,8,7.83,8.17,8,10,10,0.12
"Washed / Wet",8,8,7.83,7.83,8.33,7.83,10,10,0.1
"Natural / Dry",7.83,8,7.83,7.92,8.17,8,10,10,0.09
"Washed / Wet",8,8,8,7.92,8.08,7.75,10,10,0.1
"Washed / Wet",8.33,8.42,7.83,8,8.33,8.25,10,9.33,0.12
"Washed / Wet",7.92,8.17,8,7.75,7.92,7.83,10,10,0.1
"Semi-washed / Semi-pulped",7.83,8,8,7.92,7.75,8.17,10,10,0.11
"Natural / Dry",7.83,8,7.92,8.08,7.75,8,10,10,0
"Natural / Dry",8,7.75,7.83,7.67,7.83,8.58,10,10,0.09
"Natural / Dry",7.92,7.92,7.83,7.83,8.08,7.92,10,10,0.1
"Natural / Dry",7.83,8,7.83,7.83,7.92,8.08,10,10,0.12
"Washed / Wet",8.33,7.92,7.67,7.67,7.92,7.92,10,10,0.12
"Washed / Wet",8,7.83,7.67,7.83,8.33,8,10,10,0.11
"Washed / Wet",7.75,7.83,7.83,7.92,8.17,7.83,10,10,0.1
"Washed / Wet",8.08,8,7.83,8,7.67,7.83,10,10,0.12
"Natural / Dry",7.92,7.92,7.75,7.75,7.92,7.92,10,10,0
"Semi-washed / Semi-pulped",8,8,8,7.75,7.67,8,10,10,0.11
"Natural / Dry",8,8,8,7.83,7.83,7.75,10,10,0.1
"Natural / Dry",7.83,7.75,7.83,7.83,7.67,8.58,10,10,0.11
"Washed / Wet",7.92,8.08,8,8,7.92,8.08,9.33,10,0
"Washed / Wet",8,7.58,7.58,8.08,7.67,8.5,10,10,0.1
"Washed / Wet",7.83,8.08,7.75,7.92,8.08,7.75,10,10,0
"Washed / Wet",8,7.92,7.92,7.83,8.08,7.75,10,10,0
"Washed / Wet",8.17,7.92,7.83,7.58,8,7.83,10,10,0.11
"Natural / Dry",7.58,8.08,7.92,8,7.83,7.92,10,10,0.12
"Semi-washed / Semi-pulped",7.75,7.83,7.67,8.08,8,7.83,10,10,0.11
"Washed / Wet",8.25,8,7.67,7.75,7.92,7.67,10,10,0
"Natural / Dry",7.75,8,7.58,8,8,7.92,10,10,0.11
"Natural / Dry",8.17,7.83,7.58,8,8.08,7.75,10,10,0
"Natural / Dry",8.42,8,7.42,7.92,8,7.92,10,9.33,0.1
"Natural / Dry",7.58,7.83,7.83,7.83,7.92,8.17,10,10,0.11
"Natural / Dry",7.83,8,7.75,7.83,7.75,7.83,10,10,0.11
"Washed / Wet",8.17,7.92,7.75,7.67,7.75,7.75,10,10,0.11
"Washed / Wet",8,7.92,7.75,7.75,7.92,7.83,10,10,0
"Washed / Wet",7.83,8,7.58,7.92,7.92,7.83,10,10,0.12
"Washed / Wet",7.83,8,7.83,7.67,7.75,7.83,10,10,0.09
"Washed / Wet",8.17,7.83,7.92,7.67,7.75,7.83,10,10,0.11
"Washed / Wet",7.75,7.83,7.75,8,8.08,7.75,10,10,0
"Natural / Dry",8,8,7.83,7.67,7.83,7.67,10,10,0.12
"Washed / Wet",7.92,7.92,7.67,7.92,7.83,7.83,10,10,0
"Washed / Wet",7.92,7.83,7.75,7.75,7.83,8,10,10,0.12
"Semi-washed / Semi-pulped",7.67,7.83,8,8,7.58,7.92,10,10,0.11
"Washed / Wet",8,7.83,7.83,7.75,7.92,7.75,10,10,0.12
"Washed / Wet",7.75,7.92,7.83,7.75,7.75,8,10,10,0.11
"Semi-washed / Semi-pulped",7.75,8,7.75,7.5,7.83,7.92,10,10,0.11
"Natural / Dry",8,7.92,7.75,8,7.75,7.75,10,10,0.11
"Natural / Dry",8,8,7.75,7.5,8,7.75,10,10,0.12
"Natural / Dry",7.92,7.58,7.83,7.83,7.83,7.83,10,10,0
"Natural / Dry",7.75,7.92,7.67,8.25,7.67,7.75,10,10,0.12
"Natural / Dry",7.67,7.75,7.75,7.83,7.75,8,10,10,0
"Washed / Wet",7.92,7.83,7.58,7.75,7.92,7.83,10,10,0.13
"Washed / Wet",7.83,7.75,8,7.67,7.67,7.67,10,10,0.11
"Washed / Wet",7.83,7.83,7.5,7.83,8,7.67,10,10,0
"Washed / Wet",7.92,7.83,7.75,7.75,7.75,7.75,10,10,0.12
"Washed / Wet",8.08,7.75,7.67,7.5,7.83,7.92,10,10,0.1
"Washed / Wet",7.75,7.83,7.58,7.92,8,7.75,10,10,0.1
"Washed / Wet",8.17,8,7.83,7.83,7.17,7.75,10,10,0.12
"Washed / Wet",8.08,7.83,7.75,7.58,7.83,7.67,10,10,0.1
"Washed / Wet",8,7.58,7.83,7.75,7.75,7.75,10,10,0.11
"Washed / Wet",8.08,7.83,7.75,7.92,7.83,8,9.33,10,0
"Washed / Wet",8,7.92,7.75,7.75,7.75,7.75,10,10,0.11
"Washed / Wet",7.75,7.83,7.75,7.75,7.83,7.83,10,10,0
"Washed / Wet",7.75,7.92,7.83,7.58,8,7.75,10,10,0.11
"Washed / Wet",8,7.83,7.67,7.67,7.83,8,10,10,0.11
"Washed / Wet",7.67,7.83,7.67,7.67,8,7.83,10,10,0.12
"Washed / Wet",7.83,7.58,7.67,7.92,7.92,7.83,10,10,0.13
"Washed / Wet",7.92,7.83,7.75,7.67,7.92,7.75,10,10,0.11
"Washed / Wet",7.92,7.75,7.83,7.58,7.75,7.92,10,10,0.11
"Washed / Wet",7.83,7.67,7.58,7.67,7.92,7.83,10,10,0
"Washed / Wet",7.92,7.83,7.58,7.83,8,7.67,10,10,0
"Washed / Wet",7.83,7.83,7.83,7.58,7.75,7.83,10,10,0.1
"Washed / Wet",7.75,7.83,7.67,7.75,7.92,7.83,10,10,0.11
"Washed / Wet",8,7.92,7.67,7.58,7.58,7.67,10,10,0.09
"Washed / Wet",7.67,7.67,7.58,7.58,7.75,8.5,10,10,0
"Washed / Wet",7.75,7.75,7.83,7.58,7.75,8,10,10,0
"Washed / Wet",7.75,7.75,7.75,7.75,8.08,7.75,10,10,0
"Washed / Wet",7.67,7.83,7.83,7.58,8,7.92,10,10,0
"Semi-washed / Semi-pulped",7.75,7.83,7.75,7.83,8,7.67,10,10,0.12
"Washed / Wet",7.42,7.67,7.75,8.08,7.75,7.83,10,10,0.11
"Semi-washed / Semi-pulped",8,8,7.75,7.58,7.75,7.75,10,10,0.12
"Semi-washed / Semi-pulped",8.5,8,7.5,7.5,7.75,7.83,10,10,0.11
"Washed / Wet",7.92,7.67,7.92,7.67,7.75,7.58,10,10,0.1
"Washed / Wet",7.92,7.75,7.67,7.83,7.75,7.75,10,10,0.11
"Washed / Wet",7.75,7.92,7.67,7.75,7.83,7.67,10,10,0.1
"Washed / Wet",7.92,7.83,7.83,7.58,7.83,7.58,10,10,0.11
"Washed / Wet",8.08,7.67,7.83,7.67,7.83,7.67,10,10,0.12
"Washed / Wet",7.67,8,7.75,7.75,7.83,7.58,10,10,0
"Washed / Wet",8.17,7.83,7.67,7.67,7.83,7.83,10,10,0.11
"Washed / Wet",7.92,7.83,7.67,7.67,8,7.75,10,10,0.11
"Washed / Wet",8,7.92,7.42,7.5,8.08,7.67,10,10,0.12
"Washed / Wet",7.92,7.83,7.75,7.75,7.75,7.83,10,10,0.11
"Washed / Wet",7.67,8,7.67,7.5,8,7.83,10,10,0.11
"Washed / Wet",7.58,7.83,7.83,7.67,8,7.58,10,10,0.1
"Natural / Dry",7.92,7.83,7.75,7.92,7.67,7.67,10,10,0
"Washed / Wet",7.92,7.75,7.67,7.67,7.92,7.75,10,10,0
"Washed / Wet",7.83,7.83,7.75,7.5,8,7.75,10,10,0.11
"Natural / Dry",7.92,7.92,7.5,7.5,7.83,7.92,10,10,0.11
"Washed / Wet",7.75,7.92,7.75,7.83,7.67,7.67,10,10,0.12
"Washed / Wet",7.33,7.58,7.83,7.75,7.75,7.92,10,10,0.11
"Washed / Wet",7.58,7.75,7.5,7.67,7.83,8.5,10,10,0
"Washed / Wet",7.58,7.92,7.58,7.92,7.75,7.75,10,10,0.11
"Natural / Dry",7.75,7.67,8,8.08,7.67,7.83,10,10,0.11
"Washed / Wet",7.75,7.58,7.33,7.58,7.83,8.08,10,10,0
"Washed / Wet",8,7.75,7.75,7.5,7.83,7.67,10,10,0.12
"Washed / Wet",7.92,7.75,7.75,7.67,7.67,7.83,10,10,0.12
"Natural / Dry",7.83,7.75,7.75,7.83,7.42,7.67,10,10,0.12
"Natural / Dry",7.83,7.58,7.75,7.67,7.58,8,10,10,0.11
"Washed / Wet",7.75,7.75,7.58,7.75,7.92,7.75,10,10,0.11
"Washed / Wet",7.75,7.92,7.5,7.58,8.08,7.67,10,10,0.1
"Natural / Dry",7.83,7.83,7.58,7.75,7.75,7.75,10,10,0.1
"Washed / Wet",7.67,7.67,7.75,7.67,7.75,7.92,10,10,0.11
"Washed / Wet",7.83,7.67,7.75,7.92,7.58,7.75,10,10,0.12
"Washed / Wet",7.83,7.75,7.83,7.67,7.58,7.75,10,10,0.12
"Natural / Dry",7.42,7.67,7.83,7.92,7.75,7.83,10,10,0.12
"Washed / Wet",7.83,7.67,7.75,7.67,7.83,7.67,10,10,0.12
"Washed / Wet",7.83,7.75,7.75,7.67,7.75,7.75,10,10,0.12
"Washed / Wet",7.58,7.5,7.75,7.92,7.83,7.83,10,10,0.11
"Natural / Dry",7.33,7.92,7.92,7.92,7.92,8.08,9.33,10,0.11
"Semi-washed / Semi-pulped",7.83,7.92,7.67,7.5,7.83,7.75,10,10,0.12
"Washed / Wet",7.83,7.83,7.75,7.83,7.67,7.58,10,10,0.12
"Washed / Wet",7.83,7.92,7.67,7.5,7.75,7.75,10,10,0.1
"Natural / Dry",8.17,7.75,7.58,7.83,7.67,7.58,10,10,0.13
"Washed / Wet",7.75,7.83,7.58,7.67,7.83,7.75,10,10,0.13
"Washed / Wet",7.83,7.75,7.58,7.75,7.67,7.83,10,10,0
"Washed / Wet",7.92,7.75,7.67,7.5,7.67,7.67,10,10,0.09
"Washed / Wet",7.75,7.75,7.58,7.67,8,7.83,10,10,0.11
"Washed / Wet",7.75,7.92,7.58,7.67,7.92,7.67,10,10,0.1
"Washed / Wet",7.58,7.83,7.58,7.83,7.83,7.67,10,10,0.1
"Washed / Wet",8,7.5,7.5,8,7.67,7.83,10,10,0
"Natural / Dry",7.67,7.83,7.83,7.67,7.5,7.83,10,10,0.12
"Natural / Dry",7.67,7.75,7.75,7.83,7.67,7.75,10,10,0
"Washed / Wet",7.67,7.75,7.67,7.5,7.75,8,10,10,0
"Natural / Dry",7.5,7.92,7.58,7.75,7.83,7.83,10,10,0.1
"Washed / Wet",7.92,7.75,7.75,7.75,7.75,7.58,10,10,0.13
"Washed / Wet",7.67,7.5,7.67,7.83,7.42,8.58,10,10,0.12
"Washed / Wet",7.67,7.75,7.67,7.75,7.75,7.75,10,10,0.11
"Washed / Wet",7.58,7.75,7.75,7.75,7.75,7.83,10,10,0.08
"Natural / Dry",7.58,7.83,7.75,7.67,7.67,8,10,10,0.11
"Washed / Wet",7.92,7.75,7.67,7.83,7.67,7.92,10,10,0.11
"Natural / Dry",8.42,8.08,7.5,7.58,7.17,8.17,10,9.33,0.11
"Washed / Wet",7.75,7.75,7.75,7.83,7.75,7.75,10,10,0
"Natural / Dry",7.83,7.5,7.5,7.83,8,7.83,10,10,0.11
"Washed / Wet",7.83,7.75,7.5,7.83,7.83,7.75,10,10,0.11
"Natural / Dry",7.81,7.88,7.56,7.63,7.75,7.75,10,10,0.12
"Washed / Wet",7.83,7.5,7.42,7.83,7.5,8.5,10,10,0
"Washed / Wet",7.58,7.67,7.67,7.75,7.67,7.83,10,10,0.1
"Washed / Wet",8,7.75,7.5,7.92,7.58,7.67,10,10,0.1
"Washed / Wet",7.92,7.75,7.67,7.67,7.75,7.67,10,10,0
"Washed / Wet",7.58,7.75,7.67,7.75,8,7.67,10,10,0.1
"Natural / Dry",7.83,7.75,7.83,7.42,7.83,8.08,10,9.33,0.11
"Washed / Wet",7.67,7.75,7.67,7.67,7.75,7.75,10,10,0.11
"Natural / Dry",7.92,7.92,7.83,7.92,8,7.92,8.67,10,0.09
"Washed / Wet",7.58,7.75,7.67,7.83,7.75,7.75,10,10,0.08
"Natural / Dry",7.83,7.75,7.67,7.33,7.75,7.75,10,10,0.11
"Washed / Wet",7.42,7.83,7.75,7.75,7.92,7.58,10,10,0.1
"Washed / Wet",7.67,7.83,7.58,7.75,7.92,7.67,10,10,0.12
"Washed / Wet",7.67,7.67,7.83,7.58,7.58,7.83,10,10,0.11
"Natural / Dry",7.92,7.67,7.42,7.75,7.92,7.83,10,10,0.1
"Washed / Wet",7.67,7.75,7.67,7.67,7.67,7.75,10,10,0.12
"Natural / Dry",7.58,7.42,7.75,7.75,7.92,7.92,10,10,0.12
"Washed / Wet",7.67,7.67,7.5,7.67,7.5,7.67,10,10,0.12
"Natural / Dry",7.75,7.75,7.5,7.67,7.58,7.92,10,10,0.09
"Natural / Dry",7.58,7.83,7.67,8,7.25,7.75,10,10,0.1
"Washed / Wet",7.67,7.83,7.67,7.67,7.75,7.75,10,10,0.11
"Washed / Wet",7.67,7.83,7.5,7.92,7.75,7.67,10,10,0
"Washed / Wet",7.92,8.17,8.17,8.08,8.42,8.17,9.33,8.67,0.12
"Washed / Wet",7.67,7.75,7.67,7.83,7.75,7.67,10,10,0
"Washed / Wet",7.92,7.75,7.58,7.67,7.67,7.83,10,10,0.1
"Natural / Dry",7.5,7.75,7.58,7.58,7.5,7.5,10,10,0
"Washed / Wet",7.83,7.83,7.58,7.42,7.92,7.5,10,10,0.11
"Natural / Dry",7.67,7.75,7.5,7.67,7.67,7.83,10,10,0.1
"Natural / Dry",7.58,7.67,7.67,7.58,7.75,7.83,10,10,0.11
"Washed / Wet",7.83,7.75,7.83,7.83,7.75,7.75,10,9.33,0.11
"Natural / Dry",7.75,7.75,7.58,7.75,7.75,7.67,10,10,0
"Washed / Wet",7.92,7.67,7.5,7.58,7.83,7.67,10,10,0
"Washed / Wet",7.83,7.75,7.58,7.75,7.58,7.75,10,10,0
"Washed / Wet",7.75,7.58,7.67,7.83,7.83,7.67,10,10,0
"Washed / Wet",8,7.92,7.92,7.67,7.92,7.33,10,10,0.06
"Natural / Dry",7.67,7.83,7.67,7.67,7.75,7.83,10,10,0.12
"Washed / Wet",7.67,7.75,7.58,7.75,7.67,7.83,10,10,0.12
"Washed / Wet",7.5,7.67,7.58,7.75,7.83,7.75,10,10,0.11
"Washed / Wet",7.75,7.92,7.83,7.75,7.92,7.67,10,9.33,0
"Washed / Wet",7.92,7.58,7.5,7.58,7.83,7.67,10,10,0
"Washed / Wet",7.67,7.67,7.75,7.5,7.67,7.75,10,10,0
"Washed / Wet",7.75,7.75,7.5,7.83,7.75,7.58,10,10,0.11
"Natural / Dry",7.25,7.58,7.42,7.75,8,7.83,10,10,0
"Washed / Wet",7.67,7.75,7.67,7.42,7.75,7.75,10,10,0
"Natural / Dry",7.75,7.75,7.67,7.58,7.67,7.67,10,10,0.12
"Semi-washed / Semi-pulped",7.67,7.67,7.58,7.83,7.5,8.17,9.33,10,0
"Washed / Wet",7.83,7.42,7.5,7.75,7.83,7.83,10,10,0.1
"Washed / Wet",7.58,7.83,7.33,7.58,8,7.75,10,10,0.1
"Natural / Dry",7.92,7.5,7.33,8.17,7.67,7.5,10,10,0.1
"Natural / Dry",7.5,7.67,7.58,7.83,7.75,7.83,10,10,0.09
"Washed / Wet",7.67,7.58,7.58,7.58,7.83,7.67,10,10,0.11
"Washed / Wet",7.5,7.83,7.5,7.83,7.83,7.67,10,10,0.11
"Natural / Dry",7.67,8,7.67,7.67,7.42,7.5,10,10,0.1
"Natural / Dry",7.67,7.58,7.5,7.75,7.75,7.75,10,10,0.11
"Semi-washed / Semi-pulped",7.83,7.83,7.58,7.5,7.67,7.58,10,10,0.12
"Washed / Wet",7.75,7.58,7.5,7.75,7.58,7.75,10,10,0.11
"Natural / Dry",7.67,7.67,7.58,7.67,7.75,7.67,10,10,0.11
"Washed / Wet",7.83,7.83,7.58,7.58,7.58,7.58,10,10,0.11
"Natural / Dry",7.67,7.67,7.58,7.67,7.58,7.83,10,10,0
"Washed / Wet",7.92,7.75,7.5,7.75,7.67,7.5,10,10,0
"Washed / Wet",7.83,7.75,7.67,7.58,7.5,7.67,10,10,0.1
"Natural / Dry",7.75,7.67,7.5,7.58,7.67,7.83,10,10,0
"Natural / Dry",8,7.92,7.58,7.33,7.75,7.5,10,10,0.12
"Washed / Wet",7.83,7.83,7.83,8,7.67,8.17,10,9.33,0.12
"Washed / Wet",7.67,7.67,7.67,7.5,7.92,7.67,10,10,0
"Washed / Wet",7.67,7.42,7.42,8,7.42,8.33,10,10,0
"Washed / Wet",7.58,7.67,7.75,7.67,7.67,7.67,10,10,0
"Washed / Wet",7.75,7.67,7.75,7.42,7.58,8,10,10,0.11
"Natural / Dry",7.25,7.42,7.67,7.83,7.58,8.25,10,10,0
"Natural / Dry",7.83,7.58,7.58,7.75,7.5,7.67,10,10,0.13
"Washed / Wet",7.67,7.58,7.58,7.75,7.67,7.75,10,10,0.11
"Natural / Dry",7.67,7.83,7.5,7.67,7.67,7.5,10,10,0.11
"Washed / Wet",8.08,7.67,7.67,7.25,7.58,7.67,10,10,0.11
"Washed / Wet",7.5,7.5,7.67,8,7.67,8,10,10,0.1
"Washed / Wet",7.67,7.75,7.67,7.83,7.67,7.58,10,10,0.1
"Natural / Dry",7.58,7.75,7.58,7.58,7.75,7.58,10,10,0.11
"Natural / Dry",7.5,7.67,7.33,7.83,7.92,7.67,10,10,0.1
"Washed / Wet",7.5,7.75,7.58,7.67,7.83,7.58,10,10,0.12
"Washed / Wet",7.5,7.75,7.5,7.67,7.75,7.67,10,10,0.11
"Washed / Wet",8,7.5,7.33,8,8,8,10,9.33,0.1
"Washed / Wet",7.83,7.75,7.67,7.58,7.58,7.67,10,10,0
"Washed / Wet",7.67,7.67,7.67,7.33,7.67,7.75,10,10,0
"Washed / Wet",7.67,7.67,7.42,8,7.67,7.75,10,10,0.12
"Washed / Wet",7.83,7.67,7.33,7.67,7.67,7.83,10,10,0.11
"Washed / Wet",7.75,7.75,7.58,7.17,7.83,7.75,10,10,0.11
"Natural / Dry",8.17,8.17,7.83,8.08,7.67,7.75,9.33,9.33,0.11
"Washed / Wet",7.67,8.17,7.5,7.58,7.42,7.83,10,10,0.11
"Washed / Wet",7.67,7.5,7.5,7.83,7.33,8.25,10,10,0.12
"Washed / Wet",8.17,7.67,7.58,7.42,7.58,7.67,10,10,0.12
"Washed / Wet",7.67,7.5,7.33,7.67,8,7.67,10,10,0.1
"Natural / Dry",7.58,7.67,7.58,7.67,7.58,7.58,10,10,0.11
"Washed / Wet",7.75,7.75,7.5,7.58,7.83,7.58,10,10,0.11
"Washed / Wet",7.75,7.75,7.58,7.67,7.58,7.58,10,10,0.11
"Washed / Wet",7.67,7.58,7.58,7.67,7.58,7.75,10,10,0.1
"Washed / Wet",7.67,7.75,7.58,7.75,7.67,7.58,10,10,0.12
"Washed / Wet",7.75,7.75,7.58,7.5,7.58,7.67,10,10,0.12
"Washed / Wet",7.75,7.67,7.58,7.5,7.67,7.67,10,10,0
"Washed / Wet",7.67,7.67,7.42,7.75,7.75,7.67,10,10,0.12
"Natural / Dry",7.67,7.58,7.67,7.67,7.67,7.67,10,10,0
"Washed / Wet",7.67,7.58,7.67,7.67,7.58,7.75,10,10,0.12
"Washed / Wet",7.75,7.58,7.5,7.75,7.58,7.83,10,10,0
"Washed / Wet",7.67,7.67,7.58,7.75,7.67,7.58,10,10,0.11
"Washed / Wet",7.83,7.67,7.58,7.67,7.58,7.58,10,10,0.12
"Natural / Dry",7.67,7.58,7.58,7.67,7.58,7.75,10,10,0.11
"Semi-washed / Semi-pulped",7.83,7.75,7.5,7.5,7.75,7.58,10,10,0.12
"Washed / Wet",7.75,7.58,7.58,7.75,7.75,7.5,10,10,0
"Washed / Wet",7.92,7.42,7.5,7.5,7.67,7.67,10,10,0
"Natural / Dry",7.75,7.58,7.58,7.75,7.5,7.75,10,10,0
"Washed / Wet",7.67,7.75,7.5,7.58,7.83,7.58,10,10,0.1
"Washed / Wet",7.58,7.58,7.58,7.75,7.58,7.67,10,10,0.12
"Washed / Wet",7.75,7.67,7.58,7.67,7.67,7.58,10,10,0.13
"Semi-washed / Semi-pulped",7.25,7.67,7.58,7.83,7.92,7.58,10,10,0.13
"Natural / Dry",7.67,7.75,7.5,7.75,7.58,7.67,10,10,0.1
"Washed / Wet",7.67,7.42,7.67,7.58,7.83,7.67,10,10,0
"Washed / Wet",8,7.58,7.25,7.92,7.58,7.58,10,10,0.11
"Washed / Wet",7.58,7.75,7.5,7.42,7.83,7.67,10,10,0.1
"Washed / Wet",7.75,7.58,7.33,7.83,7.5,7.83,10,10,0
"Natural / Dry",7.67,7.5,7.67,7.67,7.5,7.67,10,10,0.1
"Washed / Wet",7.58,7.75,7.42,7.75,7.67,7.67,10,10,0
"Washed / Wet",7.58,7.67,7.58,7.58,7.75,7.75,10,10,0.11
"Natural / Dry",7.83,7.58,7.25,7.5,7.5,7.42,10,10,0.13
"Semi-washed / Semi-pulped",7.67,7.75,7.67,7.58,7.75,7.5,10,10,0.11
"Washed / Wet",7.75,7.67,7.67,7.33,7.75,7.5,10,10,0.12
"Washed / Wet",7.83,7.5,7.5,7.67,8,7.5,10,10,0.1
"Washed / Wet",7.67,7.58,7.58,7.67,7.67,7.67,10,10,0.11
"Washed / Wet",7.5,7.5,7.75,8,7.5,7.67,10,10,0
"Washed / Wet",7.5,7.58,7.58,7.75,7.5,7.83,10,10,0
"Washed / Wet",7.67,7.75,7.5,7.58,7.58,7.67,10,10,0.1
"Washed / Wet",7.67,7.67,7.5,7.67,7.67,7.58,10,10,0.11
"Washed / Wet",7.58,7.5,7.42,7.5,7.92,7.67,10,10,0.09
"Washed / Wet",7.58,7.75,7.33,7.67,7.75,7.58,10,10,0.11
"Washed / Wet",7.5,7.58,7.75,7.75,7.5,7.67,10,10,0.13
"Washed / Wet",7.58,7.5,7.75,7.75,7.58,7.67,10,10,0.11
"Natural / Dry",7.58,7.67,7.58,7.58,7.67,7.67,10,10,0.12
"Semi-washed / Semi-pulped",7.33,7.83,7.75,7.42,7.5,7.83,10,10,0.12
"Washed / Wet",7.75,7.67,7.58,7.58,7.67,7.58,10,10,0.13
"Washed / Wet",7.58,7.58,7.25,7.75,7.75,8.58,10,9.33,0.12
"Natural / Dry",7.75,7.83,7.33,7.5,7.83,7.67,10,10,0.1
"Washed / Wet",7.67,7.75,7.5,7.58,7.83,7.5,10,10,0.1
"Washed / Wet",7.67,7.5,7.75,7.75,7.42,7.75,10,10,0.11
"Natural / Dry",7.42,7.75,7.67,7.67,7.58,7.67,10,10,0
"Washed / Wet",7.5,7.75,7.58,7.67,7.5,7.75,10,10,0.11
"Washed / Wet",7.75,7.5,7.75,7.58,7.58,7.58,10,10,0
"Washed / Wet",7.67,7.58,7.58,7.67,7.42,7.75,10,10,0
"Washed / Wet",7.83,7.58,7.58,7.5,7.58,7.58,10,10,0
"Semi-washed / Semi-pulped",7.5,7.83,7.33,7.58,7.58,7.92,10,10,0.1
"Washed / Wet",7.75,7.75,7.5,7.5,7.67,7.58,10,10,0.12
"Washed / Wet",7.67,7.75,7.42,7.83,7.83,7.42,10,10,0.11
"Semi-washed / Semi-pulped",7.75,7.58,7.67,7.58,7.58,7.58,10,10,0.12
"Washed / Wet",7.67,7.67,7.58,7.5,7.67,7.58,10,10,0.12
"Washed / Wet",7.67,7.67,7.42,7.67,7.67,7.67,10,10,0.12
"Natural / Dry",7.83,7.58,7.83,7.92,7.67,8,9.33,9.33,0.11
"Washed / Wet",7.5,7.67,7.67,7.83,7.5,7.17,10,10,0.11
"Washed / Wet",7.83,7.75,7.58,7.92,7.83,7.58,10,9.33,0.12
"Washed / Wet",7.58,7.5,7.67,7.83,7.5,7.42,10,10,0.11
"Natural / Dry",7.67,7.67,7.5,7.92,7.67,7.42,10,10,0.11
"Washed / Wet",7.83,7.67,7.17,7.67,7.67,7.67,10,10,0.11
"Natural / Dry",7.92,7.5,7.58,7.67,7.83,7.67,10,9.33,0.1
"Washed / Wet",7.75,7.67,7.33,7.5,7.5,7.75,10,10,0
"Washed / Wet",7.5,7.67,7.67,7.67,7.58,7.58,10,10,0
"Washed / Wet",7.67,7.83,7.42,7.33,7.83,7.5,10,10,0.11
"Washed / Wet",7.83,7.5,7.42,7.5,7.67,7.67,10,10,0.11
"Washed / Wet",7.5,7.58,7.42,7.67,7.83,7.58,10,10,0.11
"Washed / Wet",7.5,7.67,7.67,7.67,7.42,7.67,10,10,0.12
"Natural / Dry",7.58,7.67,7.67,7.75,7.17,7.83,10,10,0
"Natural / Dry",7.83,7.75,7.5,7.58,7.58,7.58,10,10,0.12
"Washed / Wet",7.67,7.5,7.5,7.67,7.5,7.83,10,10,0.1
"Washed / Wet",7.92,7.83,7.75,7.5,7.58,7.33,10,10,0.1
"Natural / Dry",7.58,7.58,7.5,7.58,7.58,7.75,10,10,0
"Washed / Wet",7.5,7.67,7.58,7.67,7.67,7.5,10,10,0.1
"Washed / Wet",7.83,7.5,7.67,7.67,7.33,7.67,10,10,0.11
"Washed / Wet",7.58,7.75,7.5,7.58,7.5,7.58,10,10,0.12
"Natural / Dry",7.58,7.75,7.83,8.08,8,7.67,9.33,9.33,0.11
"Washed / Wet",7.75,7.58,7.58,7.5,7.58,7.58,10,10,0.13
"Washed / Wet",7.75,7.75,7.42,7.33,7.92,7.5,10,10,0.12
"Washed / Wet",7.83,7.58,7.08,7.42,7.83,8.08,10,10,0.11
"Semi-washed / Semi-pulped",7.75,7.67,7.5,7.58,7.58,7.58,10,10,0.11
"Washed / Wet",7.67,7.58,7.58,7.83,7.42,7.58,10,10,0.12
"Washed / Wet",7.67,7.67,7.5,7.58,7.5,7.67,10,10,0.11
"Natural / Dry",7.67,7.42,7.5,7.67,7.58,7.58,10,10,0.11
"Washed / Wet",7.58,7.58,7.33,7.75,7.67,7.58,10,10,0.1
"Washed / Wet",7.67,7.58,7.42,7.67,7.67,7.58,10,10,0.12
"Natural / Dry",7.58,7.42,7.08,7.58,7.33,8.58,10,10,0.07
"Washed / Wet",7.67,7.75,7.42,7.58,7.75,7.5,10,10,0.11
"Washed / Wet",7.67,7.67,7.5,7.5,7.67,7.67,10,10,0.11
"Washed / Wet",7.5,7.67,7.33,7.67,7.67,7.67,10,10,0.11
"Washed / Wet",7.67,7.67,7.5,7.42,7.67,7.58,10,10,0.1
"Washed / Wet",7.5,7.5,7.33,8,7.67,7.67,10,10,0
"Washed / Wet",7.5,7.75,7.5,7.58,7.83,7.5,10,10,0.11
"Washed / Wet",7.92,7.67,7.42,7.5,7.75,7.5,10,10,0.12
"Washed / Wet",7.83,7.75,7.67,7.83,7.75,8.5,9.33,9.33,0.1
"Washed / Wet",7.67,7.58,7.58,7.42,7.75,7.67,10,10,0.12
"Washed / Wet",7.58,7.67,7.67,7.42,7.58,7.58,10,10,0.13
"Washed / Wet",7.58,7.5,7.5,7.5,7.67,7.67,10,10,0
"Washed / Wet",8,7.67,7.5,7.33,7.42,7.58,10,10,0.1
"Washed / Wet",7.58,7.75,7.5,7.58,7.58,7.58,10,10,0.11
"Natural / Dry",7.5,7.5,7.5,7.67,7.67,7.67,10,10,0.1
"Natural / Dry",7.67,7.67,7.5,7.5,7.67,7.67,10,10,0.11
"Washed / Wet",7.33,7.83,7.17,7.33,8.17,7.67,10,10,0.09
"Natural / Dry",7.5,7.5,7.58,7.92,7.42,7.67,10,10,0.11
"Washed / Wet",7.58,7.5,7.58,7.58,7.75,7.58,10,10,0.12
"Washed / Wet",7.67,7.83,7.33,7.5,7.67,7.67,10,10,0.11
"Washed / Wet",7.75,7.58,7.58,7.5,7.58,7.42,10,10,0.11
"Washed / Wet",7.75,7.67,7.58,7.42,7.5,7.58,10,10,0.12
"Washed / Wet",7.58,7.75,7.42,7.5,7.67,7.58,10,10,0.14
"Washed / Wet",7.67,7.5,7.5,7.58,7.5,8.17,10,10,0.11
"Washed / Wet",7.75,7.5,7.42,7.58,7.75,7.58,10,10,0.13
"Washed / Wet",7.58,7.67,7.5,7.67,7.58,7.67,10,10,0.11
"Washed / Wet",7.5,7.75,7.58,7.67,7.58,7.5,10,10,0.11
"Natural / Dry",7.75,7.67,7.58,7.58,7.5,7.58,10,10,0.12
"Natural / Dry",7.92,7.58,7.5,7.42,7.58,7.5,10,10,0.11
"Washed / Wet",7.75,7.5,7.67,7.92,7.5,8,9.33,10,0
"Semi-washed / Semi-pulped",7.75,7.5,7.58,7.75,7.5,7.5,10,10,0.12
"Washed / Wet",7.58,7.67,7.33,7.75,7.67,7.58,10,10,0
"Washed / Wet",7.75,7.5,7.5,8,7.42,7.75,10,10,0
"Natural / Dry",7.33,7.67,7.67,7.75,7.33,7.42,10,10,0
"Natural / Dry",7.83,7.92,7.5,7.67,7.83,7.25,10,9.33,0
"Natural / Dry",7.42,7.67,7.58,7.75,7.5,7.67,10,10,0.11
"Washed / Wet",7.58,7.83,7.67,7.42,7.42,7.5,10,10,0
"Washed / Wet",7.83,7.33,7.5,7.58,7.67,7.67,10,10,0.1
"Natural / Dry",7.33,7.75,7.58,7.83,7.33,7.67,10,10,0.12
"Natural / Dry",7.83,7.83,7.33,7.75,7.17,7.67,10,10,0.1
"Washed / Wet",7.75,7.67,7.42,7.5,7.75,7.5,10,10,0.1
"Natural / Dry",7.67,7.58,7.5,7.92,7.67,8,10,9.33,0
"Washed / Wet",7.33,7.58,7.58,7.67,7.92,7.58,10,10,0.12
"Natural / Dry",7.58,7.5,7.5,7.67,7.75,7.5,10,10,0
"Natural / Dry",7.5,7.58,7.58,7.58,7.67,7.5,10,10,0.11
"Natural / Dry",7.5,7.67,7.58,7.58,7.67,7.42,10,10,0.11
"Washed / Wet",7.67,7.58,7.42,7.83,7.42,7.5,10,10,0.12
"Natural / Dry",7.67,7.67,7.5,7.42,7.58,7.5,10,10,0.12
"Washed / Wet",7.67,7.75,7.33,7.42,7.92,7.5,10,10,0.11
"Washed / Wet",7.75,7.67,7.33,7.5,7.75,7.42,10,10,0.11
"Washed / Wet",7.83,7.67,7.25,7.75,7.67,7.5,10,10,0.11
"Natural / Dry",7.67,7.67,7.67,7.42,7.5,7.5,10,10,0
"Washed / Wet",7.92,7.92,7.83,7.33,7.58,7.25,10,10,0.08
"Washed / Wet",7.83,7.58,7.5,7.58,7.5,7.5,10,10,0.12
"Washed / Wet",7.67,7.5,7.67,7.75,7.83,7.83,9.33,10,0
"Washed / Wet",7.67,7.67,7.42,7.5,7.83,7.5,10,10,0.1
"Washed / Wet",7.67,7.58,7.5,7.5,7.58,7.5,10,10,0.11
"Semi-washed / Semi-pulped",7.75,7.58,7.42,7.42,7.67,7.67,10,10,0.12
"Washed / Wet",7.75,7.42,7.33,7.58,7.5,7.17,10,10,0.11
"Washed / Wet",7.83,7.5,7.58,7.5,7.33,7.67,10,10,0
"Natural / Dry",7.33,7.67,7.75,7.75,7.42,7.58,10,10,0.11
"Natural / Dry",7.58,7.75,7.42,7.58,7.67,7.42,10,10,0
"Washed / Wet",7.5,7.5,7.42,7.75,7.58,7.58,10,10,0.11
"Washed / Wet",7.67,7.58,7.42,7.67,7.5,7.58,10,10,0.11
"Semi-washed / Semi-pulped",7.67,7.83,7.5,7.58,7.58,7.67,10,9.33,0.11
"Washed / Wet",7.5,7.67,7.5,7.58,7.5,7.58,10,10,0.11
"Natural / Dry",7.67,7.58,7.5,7.75,7.5,7.5,10,10,0
"Washed / Wet",7.75,7.58,7.5,7.83,7.67,7.75,10,9.33,0
"Washed / Wet",7.67,7.58,7.58,7.67,7.58,7.42,10,10,0.11
"Washed / Wet",7.5,7.67,7.5,7.5,7.67,7.83,10,10,0.1
"Washed / Wet",7.67,7.67,7.58,7.67,7.5,7.42,10,10,0.12
"Natural / Dry",7.67,7.58,7.5,7.58,7.58,7.5,10,10,0
"Washed / Wet",7.5,7.5,7.75,7.92,7.58,7.83,9.33,10,0
"Washed / Wet",7.58,7.67,7.5,7.67,7.33,7.58,10,10,0.11
"Natural / Dry",7.17,7.83,7.25,7.67,7.67,7.58,10,10,0.09
"Washed / Wet",7.58,7.58,7.5,7.58,7.5,7.58,10,10,0
"Natural / Dry",7.5,7.58,7.67,7.5,7.33,7.75,10,10,0
"Washed / Wet",7.58,7.58,7.67,7.5,7.58,7.5,10,10,0.11
"Washed / Wet",8.08,7.5,7.67,7.33,7.42,7.5,10,10,0
"Natural / Dry",7.83,7.67,7.25,7.5,7.58,7.5,10,10,0.13
"Washed / Wet",7.75,7.67,7.42,7.75,7.42,7.5,10,10,0.12
"Semi-washed / Semi-pulped",7.08,7.5,7.5,7.75,7.83,7.67,10,10,0.11
"Washed / Wet",8,7.5,7.5,7.33,7.58,7.42,10,10,0.12
"Washed / Wet",7.75,7.58,7.58,7.5,7.5,7.5,10,10,0.12
"Washed / Wet",7.75,7.5,7.42,7.67,7.58,7.5,10,10,0.1
"Natural / Dry",7.67,7.83,7.42,7.33,7.5,7.5,10,10,0.1
"Washed / Wet",7.58,7.58,7.25,7.58,7.58,7.58,10,10,0.1
"Washed / Wet",7.58,7.5,7.75,7.58,7.33,7.58,10,10,0.11
"Natural / Dry",7.75,7.5,7.25,7.75,7.5,7.5,10,10,0
"Washed / Wet",7.83,7.75,7.25,7.5,7.92,7.17,10,10,0.11
"Washed / Wet",7.83,7.67,7.42,7.5,7.42,7.58,10,10,0.11
"Natural / Dry",7.58,7.58,7.33,7.58,7.25,7.75,10,10,0.1
"Natural / Dry",7.67,7.33,7.17,8.08,7.58,7.42,10,10,0
"Washed / Wet",8,7.92,7.67,7.67,7.17,7.42,10,9.33,0.14
"Washed / Wet",7.5,7.5,7.5,7.67,7.42,7.83,10,10,0.1
"Washed / Wet",7.75,7.58,7.42,7.5,7.58,7.5,10,10,0.1
"Washed / Wet",7.5,7.58,7.33,7.58,7.67,7.58,10,10,0.11
"Washed / Wet",7.33,7.67,7.67,7.33,7.83,7.67,10,10,0
"Washed / Wet",7.83,7.92,7.75,7.75,7.83,7.75,9.33,9.33,0.11
"Washed / Wet",7.58,7.58,7.33,7.67,7.67,7.5,10,10,0.11
"Natural / Dry",7.58,7.83,7.33,7.42,7.67,7.33,10,10,0.12
"Washed / Wet",7.83,7.67,7.5,7.5,7.58,7.67,10,10,0
"Washed / Wet",7.67,7.67,7.75,7.42,7.67,7.17,10,10,0.1
"Natural / Dry",7.5,7.42,7.58,7.58,7.5,7.58,10,10,0
"Washed / Wet",7.83,7.5,7.5,7.5,7.42,7.5,10,10,0.11
"Washed / Wet",7.67,7.5,7.33,7.58,7.25,7.75,10,10,0.11
"Washed / Wet",7.58,7.67,7.5,7.5,7.58,7.5,10,10,0.12
"Washed / Wet",7.67,7.58,7.42,7.42,7.75,7.42,10,10,0.12
"Washed / Wet",7.67,7.67,7.33,7.33,7.5,7.92,10,10,0.11
"Washed / Wet",7.58,7.58,7.5,7.67,7.42,7.58,10,10,0.11
"Washed / Wet",7.5,7.58,7.42,7.58,7.67,7.5,10,10,0.1
"Washed / Wet",7.58,7.67,7.5,7.5,7.58,7.42,10,10,0.11
"Washed / Wet",7.5,7.67,7.17,7.67,7.67,7.58,10,10,0.11
"Washed / Wet",7.5,7.5,7.42,7.67,7.58,7.5,10,10,0.1
"Washed / Wet",7.42,7.58,7.42,7.5,7.67,7.5,10,10,0.1
"Washed / Wet",7.58,7.58,7.33,7.33,7.58,7.67,10,10,0.12
"Natural / Dry",7.83,7.67,7.33,7.58,7.67,7.67,10,9.33,0
"Washed / Wet",7.67,7.67,7.17,7.58,7.33,7.67,10,10,0
"Washed / Wet",7.58,7.5,7.42,7.42,7.67,7.5,10,10,0.09
"Natural / Dry",7.58,7.5,7.42,7.5,7.58,7.5,10,10,0.09
"Natural / Dry",7.67,7.5,7.33,7.67,7.33,7.67,10,10,0.1
"Washed / Wet",7.5,7.67,7.42,7.5,7.67,7.5,10,10,0.11
"Washed / Wet",7.5,7.58,7.58,7.33,7.75,7.5,10,10,0
"Washed / Wet",7.75,7.58,7.42,7.33,7.5,7.5,10,10,0.12
"Washed / Wet",7.75,7.42,7.25,7.5,7.75,7.67,10,10,0.13
"Washed / Wet",7.67,7.42,7.42,7.33,7.58,7.67,10,10,0.12
"Natural / Dry",7.67,7.58,7.42,7.33,7.83,7.5,10,10,0.1
"Natural / Dry",7.58,7.83,7.75,7.42,7.75,8,10,9.33,0.1
"Washed / Wet",7.58,7.33,7.17,7.25,7.33,8.58,10,10,0.1
"Washed / Wet",7.58,7.58,7.5,7.5,7.5,7.5,10,10,0.12
"Washed / Wet",7.58,7.58,7.33,7.25,7.75,7.58,10,10,0.12
"Natural / Dry",8.08,8.17,8,7.83,8,7.92,10,6.67,0.12
"Washed / Wet",7.5,7.58,7.42,7.5,7.67,7.58,10,10,0
"Washed / Wet",7.67,7.58,7.58,7.5,7.58,7.42,10,10,0.11
"Washed / Wet",7.25,7.75,7.5,7.67,7.83,7.67,10,9.33,0.12
"Washed / Wet",7.42,7.42,7.5,7.5,7.58,7.75,10,10,0
"Natural / Dry",7.5,7.58,7.25,7.58,7.75,7.5,10,10,0
"Natural / Dry",7.5,7.58,7.5,7.5,7.67,7.42,10,10,0.11
"Washed / Wet",7.67,7.67,7.42,7.42,7.42,7.5,10,10,0.13
"Washed / Wet",7.67,7.67,7.67,7.5,7.67,7.67,9.33,10,0
"Washed / Wet",7.75,7.5,7.33,7.33,7.58,7.75,10,10,0
"Natural / Dry",7.58,7.5,7.42,7.5,7.67,7.5,10,10,0
"Natural / Dry",7.33,7.5,7.58,7.67,7.58,7.5,10,10,0.12
"Washed / Wet",7.5,7.5,7.5,7.5,7.5,7.58,10,10,0.12
"Washed / Wet",7.58,7.5,7.5,7.33,7.58,7.58,10,10,0.12
"Washed / Wet",8,7.83,7.83,7.25,7.42,7.25,10,10,0.08
"Natural / Dry",7.67,7.58,7.42,7.42,7.5,7.5,10,10,0.11
"Washed / Wet",7.67,7.5,7.33,7.5,7.67,7.5,10,10,0.12
"Washed / Wet",7.67,7.5,7.5,7.5,7.5,7.5,10,10,0.11
"Washed / Wet",7.42,7.5,7.5,7.58,7.67,7.5,10,10,0.11
"Washed / Wet",7.75,7.58,7.67,7.58,7.25,7.42,10,10,0.11
"Washed / Wet",7.92,8,7.5,7.92,6.75,7.58,9.33,10,0
"Washed / Wet",7.67,7.67,7.17,7.5,7.67,7.5,10,10,0.11
"Washed / Wet",7.83,7.33,7.83,7.58,7.33,7.83,9.33,10,0.12
"Washed / Wet",7.58,7.58,7.42,7.42,7.58,7.5,10,10,0.11
"Washed / Wet",7.5,7.58,7.58,7.42,7.58,7.42,10,10,0.12
"Washed / Wet",7.5,7.42,7.42,7.5,7.75,7.5,10,10,0.1
"Semi-washed / Semi-pulped",7.83,7.58,7.42,7.42,7.33,7.5,10,10,0.13
"Washed / Wet",7.75,7.33,7.42,7.42,7.67,7.5,10,10,0.12
"Washed / Wet",7.42,7.58,7.58,7.58,7.42,7.5,10,10,0.12
"Washed / Wet",7.75,7.42,7.33,7.58,7.5,7.5,10,10,0.12
"Natural / Dry",7.83,7.5,7.42,7.42,7.58,7.42,10,10,0.12
"Washed / Wet",7.67,7.42,7.5,7,7.67,7.75,10,10,0.11
"Washed / Wet",7.58,7.58,7.42,7.67,7.75,7.67,10,9.33,0
"Natural / Dry",7.5,7.58,7.42,7.42,7.58,7.58,10,10,0
"Washed / Wet",7.75,7.25,7.33,7.5,7.42,7.83,10,10,0.11
"Washed / Wet",7.75,7.5,7.75,7.33,7.25,7.58,10,10,0.11
"Washed / Wet",7.58,7.5,7.42,7.67,7.58,7.42,10,10,0.11
"Washed / Wet",7.5,7.58,7.5,7.42,7.5,7.5,10,10,0.1
"Washed / Wet",7.67,7.58,7.58,7.67,7.75,6.83,10,10,0.12
"Washed / Wet",7.33,7.42,7.58,7.67,7.42,7.5,10,10,0.11
"Natural / Dry",7.5,7.5,7.5,7.58,7.5,7.5,10,10,0.11
"Washed / Wet",7.83,7.75,7.25,7.42,7.5,7.33,10,10,0.11
"Washed / Wet",7.58,7.58,7.33,7.5,7.5,7.5,10,10,0.1
"Washed / Wet",7.5,7.5,7.33,7.67,7.5,7.5,10,10,0.1
"Washed / Wet",7.5,7.83,7.5,7.33,7.75,7.42,10,9.33,0.12
"Washed / Wet",7.33,7.5,7.5,7.67,7.5,7.5,10,10,0.11
"Washed / Wet",7.67,7.42,7.33,7.5,7.58,7.5,10,10,0.12
"Washed / Wet",7.75,7,7.42,7.58,7.58,7.58,10,10,0.12
"Washed / Wet",7.42,7.58,7.5,7.25,7.67,7.5,10,10,0
"Semi-washed / Semi-pulped",7.42,7.5,7.67,7.42,7.33,7.67,10,10,0.11
"Washed / Wet",7.83,7.42,7.33,7.42,7.67,7.5,10,10,0.12
"Washed / Wet",7.5,7.5,7.42,7.58,7.42,7.58,10,10,0.11
"Washed / Wet",7.83,7.67,7.17,7.5,7.33,7.67,10,10,0.11
"Washed / Wet",7.5,7.58,7.5,7.42,7.5,7.42,10,10,0.13
"Washed / Wet",7.67,7.5,7.33,7.5,7.67,7.33,10,10,0.12
"Semi-washed / Semi-pulped",7.92,7.5,7.33,7.25,7.58,7.42,10,10,0.11
"Natural / Dry",7.67,7.33,7.33,7.5,7.33,7.83,10,10,0.11
"Semi-washed / Semi-pulped",7.67,7.42,7.33,7.5,7.67,7.5,10,10,0
"Washed / Wet",7.67,7.5,7.33,7.25,7.5,7.67,10,10,0.11
"Washed / Wet",7.33,7.42,7.33,7.42,7.75,7.67,10,10,0.12
"Washed / Wet",7.42,7.67,7.17,7.58,7.58,7.5,10,10,0.12
"Washed / Wet",7.58,7.5,7.33,7.33,7.75,7.5,10,10,0.1
"Washed / Wet",7.67,7.58,7.25,7.42,7.67,7.33,10,10,0.12
"Washed / Wet",7.58,7.5,7.25,7.5,7.67,7.5,10,10,0.12
"Washed / Wet",7.5,7.42,7.08,7.67,7.75,7.5,10,10,0.11
"Washed / Wet",5.08,7.75,7.83,7.83,7.75,8.08,10,10,0.11
"Washed / Wet",7.67,7.42,7.42,7.42,7.5,7.42,10,10,0.1
"Washed / Wet",7.67,7.25,7.42,7.67,7.42,7.42,10,10,0.13
"Natural / Dry",7.17,7.83,7.33,7.75,7.5,7.42,10,10,0
"Washed / Wet",7.5,7.5,7.5,7.42,7.67,7.5,10,10,0.1
"Washed / Wet",7.42,7.5,7.42,7.42,7.58,7.5,10,10,0.11
"Semi-washed / Semi-pulped",7.58,7.67,7.33,7.5,7.5,7.42,10,10,0.12
"Washed / Wet",7.58,7.58,7.58,7.5,7.75,7.58,10,9.33,0
"Natural / Dry",7.25,7.33,7.25,7.42,7.5,7.5,10,10,0
"Washed / Wet",7.5,7.58,7.5,7.42,7.92,7.67,10,9.33,0.12
"Washed / Wet",7.25,7.67,7.42,7.75,7.17,7.5,10,10,0.09
"Washed / Wet",7.67,7.42,7.33,7.58,7.5,7.5,10,10,0.11
"Washed / Wet",7.5,7.42,7.42,7.42,7.67,7.58,10,10,0.12
"Semi-washed / Semi-pulped",7.42,7.58,7.5,7.58,7.42,7.5,10,10,0.13
"Washed / Wet",7.42,7.58,7.33,7.5,7.58,7.5,10,10,0.14
"Washed / Wet",7.75,7.33,7.25,7.58,7.58,7.33,10,10,0.13
"Washed / Wet",7.5,7.58,7.33,7.5,7.5,7.5,10,10,0.11
"Washed / Wet",7.58,7.58,7.17,7.5,7.5,7.5,10,10,0.14
"Washed / Wet",7.58,7.33,7.33,7.5,7.58,7.5,10,10,0.11
"Washed / Wet",7.67,7.58,7.33,7.58,7.42,7.33,10,10,0.13
"Washed / Wet",7.83,7.5,7.42,7.17,7.67,7.33,10,10,0.12
"Natural / Dry",7.67,7.33,7.25,7.5,7.42,7.67,10,10,0
"Natural / Dry",7.75,7.5,7.42,7.5,7.42,7.42,10,10,0.11
"Washed / Wet",7.33,7.58,7.17,7.42,7.58,7.58,10,10,0
"Washed / Wet",7.5,7.58,7.33,7.42,7.5,7.42,10,10,0.1
"Natural / Dry",7.33,7.5,7.5,7.5,7.33,7.5,10,10,0.11
"Natural / Dry",7.42,7.42,7.42,7.5,7.5,7.58,10,10,0.11
"Natural / Dry",7.5,7.5,7.42,7.42,7.5,7.5,10,10,0.11
"Washed / Wet",7.75,7.5,7.25,7.42,7.25,7.67,10,10,0.1
"Washed / Wet",7.75,7.33,7.5,7.33,7.5,7.58,10,10,0
"Natural / Dry",8.25,7.83,7.25,8.17,8.33,8.08,10,10,0.07
"Natural / Dry",7.42,7.5,7.5,7.5,7.42,7.58,10,10,0.11
"Washed / Wet",7.5,7.42,7.17,7.5,7.83,7.5,10,10,0.1
"Washed / Wet",7.33,7.58,7.42,7.33,7.58,7.5,10,10,0.12
"Natural / Dry",7.75,8.08,7.67,8.08,8.08,8,6.67,10,0.11
"Washed / Wet",7.58,7.67,7.5,7.75,7.58,7.5,10,9.33,0.12
"Washed / Wet",7.33,7.58,7.42,7.5,7.5,7.5,10,10,0.11
"Washed / Wet",7.42,7.33,7.5,7.08,7.17,8.33,10,10,0.1
"Semi-washed / Semi-pulped",7.5,7.5,7.5,7.5,7.5,7.5,10,10,0.11
"Washed / Wet",7.5,7.5,7.5,7.5,7.5,7.5,10,10,0.11
"Washed / Wet",7.5,7.42,7.58,7.5,7.5,7.58,10,10,0.12
"Washed / Wet",7.5,7.42,7.5,7.5,7.5,7.58,10,10,0
"Washed / Wet",7.67,7.5,7.42,7.42,7.5,7.42,10,10,0.12
"Washed / Wet",7.92,7.58,7.25,7.92,7.75,7.58,10,9.33,0
"Washed / Wet",7.67,7.5,7.33,7.5,7.67,7.33,10,10,0.11
"Natural / Dry",7.58,7.67,7.58,7,7.33,7.58,10,10,0.15
"Washed / Wet",7.67,7.58,7.5,7.5,7.58,7.5,10,10,0.13
"Washed / Wet",7.5,7.67,7.33,7.33,7.5,7.5,10,10,0.1
"Natural / Dry",7.58,7.5,7.42,7.5,7.5,7.42,10,10,0.12
"Washed / Wet",8,7.75,7.33,7.08,7.33,7.67,10,9.33,0.11
"Washed / Wet",7.58,7.58,7.25,7.42,7.58,7.5,10,10,0.11
"Natural / Dry",7.83,7.58,7.33,7.58,7.25,7.42,10,10,0
"Washed / Wet",7.58,7.5,7.25,7.67,7.42,7.33,10,10,0.09
"Washed / Wet",7.67,7.5,7.25,7.42,7.67,7.42,10,10,0.11
"Natural / Dry",7.42,7.67,7.5,7.5,7.08,7.42,10,10,0
"Washed / Wet",7.58,7.67,7.5,7.83,7.67,8.42,9.33,9.33,0.12
"Washed / Wet",7.58,7.5,7.42,7.42,7.58,7.42,10,10,0.11
"Washed / Wet",7.58,7.42,7.33,7.58,7.42,7.5,10,10,0.13
"Natural / Dry",7.75,7.58,7.42,7.33,7.42,7.33,10,10,0.11
"Washed / Wet",7.5,7.5,7.5,7.5,7.5,7.5,10,10,0.11
"Washed / Wet",7.58,7.58,7.42,7.42,7.42,7.42,10,10,0.12
"Natural / Dry",7.33,7.42,7.5,7.5,7.67,7.42,10,10,0
"Washed / Wet",7.58,7.58,7.5,7.42,7.17,7.42,10,10,0.16
"Washed / Wet",7.5,7.5,7.33,7.67,7.58,7.33,10,10,0.11
"Washed / Wet",7.5,7.58,7.42,7.33,7.67,7.42,10,10,0.13
"Washed / Wet",7.67,7.58,7.33,7.42,7.5,7.42,10,10,0.12
"Washed / Wet",7.75,7.33,7.33,7.5,7.5,7.5,10,10,0
"Washed / Wet",7.33,7.58,7.42,7.33,7.67,7.5,10,10,0.11
"Washed / Wet",7.42,7.5,7.42,7.42,7.58,7.5,10,10,0.1
"Washed / Wet",7.5,7.42,7.67,7.58,7.33,7.33,10,10,0.12
"Washed / Wet",7.67,7.33,7.33,7.5,7.33,7.5,10,10,0.11
"Natural / Dry",7.67,7.58,7.42,7.5,7,7.58,10,10,0.12
"Natural / Dry",7.42,7.42,7.5,7.42,7.42,7.5,10,10,0.11
"Washed / Wet",7.5,7.5,7.17,7.5,7.42,7.5,10,10,0.11
"Washed / Wet",7.58,7.42,7.42,7.5,7.33,7.42,10,10,0.13
"Washed / Wet",7.42,7.42,7.42,7.5,7.5,7.33,10,10,0.12
"Natural / Dry",6.92,7.58,7.42,7.83,7.33,7.5,10,10,0
"Washed / Wet",7.42,7.42,7.17,7.25,7.75,7.67,10,10,0.12
"Washed / Wet",7.67,7.5,7.25,7.58,7.42,7.42,10,10,0.11
"Washed / Wet",7.42,7.42,7.5,7.42,7.5,7.5,10,10,0.09
"Natural / Dry",7.58,7.5,7.42,7.5,7.25,7.42,10,10,0.12
"Washed / Wet",7.75,7.42,7.42,7.33,7.58,7.42,10,10,0.12
"Washed / Wet",7.42,7.33,7.17,7.33,7.42,8.17,10,10,0.12
"Washed / Wet",7.5,7.5,7.33,7.5,7.42,7.42,10,10,0.1
"Washed / Wet",7.67,7.5,7.5,7.17,7.17,7.58,10,10,0
"Washed / Wet",7.33,7.25,7.25,7.75,7.58,7.5,10,10,0
"Washed / Wet",7.5,7.67,7,7.33,7.5,7.5,10,10,0.15
"Washed / Wet",7.25,7.75,7,8.17,7.75,7.75,9.33,10,0.12
"Washed / Wet",7.5,7.58,7.25,7.5,7.5,7.33,10,10,0.12
"Washed / Wet",7,7.67,7.5,7.42,7.5,7.5,10,10,0.1
"Washed / Wet",7.5,7.5,7.42,7.5,7.42,7.42,10,10,0.15
"Washed / Wet",7.75,7.58,7.42,7.83,7.67,7.58,10,9.33,0
"Natural / Dry",7.42,7.58,7.42,7.42,7.5,7.25,10,10,0.11
"Natural / Dry",7.25,7.25,7.58,7.25,7.58,7.92,10,10,0
"Washed / Wet",7.75,7.42,7.42,7.17,7.25,7.42,10,10,0
"Washed / Wet",7.42,7.33,7.42,7.5,7.42,7.58,10,10,0.12
"Washed / Wet",7.42,7.5,7.5,7.33,7.33,7.5,10,10,0.12
"Washed / Wet",7.5,7.42,7.42,7.67,7.42,7.42,10,10,0.11
"Washed / Wet",7.58,7.33,7.33,7.5,7.33,7.67,10,10,0.11
"Natural / Dry",7.25,7.58,7.58,7.5,7.25,7.42,10,10,0.11
"Washed / Wet",7.42,7.58,7.5,7.42,7.33,7.42,10,10,0.13
"Washed / Wet",7.5,7.42,7.42,7.25,7.5,7.5,10,10,0.13
"Washed / Wet",7.67,7.5,7.25,7.42,7.58,7.33,10,10,0.11
"Natural / Dry",7.67,8,7.17,7.67,7.08,7.08,10,10,0.12
"Washed / Wet",7.58,7.42,7.25,7.33,7.75,7.42,10,10,0.11
"Washed / Wet",7.33,7.5,7.33,7.08,7.58,7.83,10,10,0.1
"Washed / Wet",7.5,7.5,7.17,7.5,7.5,7.42,10,10,0.12
"Natural / Dry",7.5,7.5,7.25,7.42,7.33,7.5,10,10,0.1
"Natural / Dry",7.5,7.33,7.42,7.33,7.5,7.42,10,10,0.11
"Washed / Wet",7.67,7.33,7.33,7.42,7.42,7.42,10,10,0.13
"Washed / Wet",7.42,7.5,7.25,7.5,7.33,7.5,10,10,0.12
"Washed / Wet",7.42,7.42,7.33,7.33,7.58,7.42,10,10,0.12
"Washed / Wet",7.5,7.42,7.33,7.33,7.58,7.5,10,10,0.13
"Washed / Wet",7.33,7.5,7.17,7.5,7.42,7.33,10,10,0.09
"Washed / Wet",7.58,7.5,7.42,7.33,7.42,7.42,10,10,0.11
"Washed / Wet",7.5,7.25,7.33,7.75,7.33,7.5,10,10,0.1
"Washed / Wet",7.33,7.33,7.33,7.5,7.5,7.83,10,10,0.11
"Washed / Wet",7.33,7.33,7.58,7.5,7.5,7.58,10,10,0.11
"Washed / Wet",7.42,7.58,7.33,8,7.42,7.5,10,9.33,0.12
"Natural / Dry",7.33,7.67,7.42,7.33,7.17,7.42,10,10,0.11
"Washed / Wet",7.67,7.33,7.25,7.42,7.5,7.42,10,10,0.12
"Natural / Dry",7.42,7.5,7.33,7.33,7.5,7.5,10,10,0.12
"Semi-washed / Semi-pulped",7.42,7.5,7.25,7.5,7.5,7.42,10,10,0.11
"Natural / Dry",7.33,7.33,7.33,7.67,7.5,7.67,10,10,0.11
"Semi-washed / Semi-pulped",7.58,7.5,7.17,7.5,7.5,7.42,10,10,0.12
"Washed / Wet",7.75,7.33,7.33,7.75,7.42,7.67,9.33,10,0
"Washed / Wet",7.58,7.5,7.25,7.58,7.58,7.5,10,9.33,0.1
"Washed / Wet",7.5,7.5,7.25,7.42,7.42,7.42,10,10,0.11
"Washed / Wet",7.58,7.5,7.25,7.42,7.33,7.5,10,10,0.12
"Natural / Dry",7.42,7.33,7.33,7.5,7.5,7.33,10,10,0.11
"Washed / Wet",7.67,7.58,7.33,7.5,7.5,7.67,9.33,10,0.11
"Washed / Wet",7.58,7.58,7.17,7.17,7.83,7.33,10,10,0.11
"Washed / Wet",7.33,7.33,7.33,7.5,7.42,7.58,10,10,0.12
"Washed / Wet",7.58,7.42,7.25,7.5,7.17,7.67,10,10,0.12
"Washed / Wet",7.67,7.08,7.42,7.75,7.33,7.42,10,10,0
"Washed / Wet",7.42,7.33,7.33,7.33,7.58,7.5,10,10,0.11
"Washed / Wet",7.58,7.5,7.25,7.5,7.58,7.25,10,10,0.12
"Semi-washed / Semi-pulped",7.5,7.5,7.25,7.5,7.25,7.5,10,10,0.13
"Washed / Wet",7.5,7.42,7.25,7.33,7.5,7.33,10,10,0.14
"Washed / Wet",7.33,7.58,7.17,7.42,7.58,7.33,10,10,0.12
"Washed / Wet",7.67,7.42,7.33,7.5,7.83,7.5,10,9.33,0.12
"Natural / Dry",7.42,7.58,7.25,7.33,7.5,7.5,10,10,0.12
"Washed / Wet",7.42,7.5,7.25,7.33,7.5,7.42,10,10,0.1
"Natural / Dry",7.42,7.5,7.42,7.42,7.5,7.25,10,10,0.11
"Washed / Wet",7.58,7.5,7.33,7.58,7.42,7.25,10,10,0.1
"Natural / Dry",7.17,7.58,6.83,7.75,7.5,7.25,10,10,0
"Natural / Dry",7.58,7,6.92,7.67,6.92,7.5,10,10,0
"Washed / Wet",7.33,7.58,7.5,7.33,7.42,7.33,10,10,0
"Washed / Wet",7.58,7.5,7.33,7.17,7.5,7.33,10,10,0.11
"Washed / Wet",7.5,7.5,7.33,7.42,7.5,7.25,10,10,0.12
"Washed / Wet",7.67,7.5,7.5,7.08,7.25,7.42,10,10,0.09
"Washed / Wet",7.67,7.33,7.17,7.75,7.25,7.33,10,10,0
"Washed / Wet",7.58,7.42,7.33,7.33,7.33,7.42,10,10,0.13
"Natural / Dry",7.33,7.58,7.25,7.83,7.17,7.33,10,10,0.11
"Natural / Dry",7.5,7.5,7.33,7.33,7.33,7.33,10,10,0.1
"Washed / Wet",7.42,7.42,7.25,7.33,7.5,7.42,10,10,0.11
"Washed / Wet",7.5,7.5,7,7.5,7.42,7.58,10,10,0
"Natural / Dry",7.83,7.83,7.83,7.83,8,7.83,10,10,0
"Semi-washed / Semi-pulped",7.75,7.75,7.5,7.83,7.42,7.75,9.33,9.33,0.12
"Washed / Wet",7.83,7.67,7.33,7.67,7.33,7.83,9.33,9.33,0.11
"Washed / Wet",7.83,7.33,7.25,7.25,7.58,7.33,10,10,0.12
"Semi-washed / Semi-pulped",7.33,7.33,7.25,7.5,7.5,7.5,10,10,0.12
"Washed / Wet",7.5,7.5,7.25,7.42,7.42,7.33,10,10,0.11
"Washed / Wet",7,7.08,7.33,7.5,7.5,7.33,10,10,0.12
"Washed / Wet",7.42,7.42,7.42,7.33,7.42,7.33,10,10,0.12
"Natural / Dry",7.17,7.25,7.17,7.42,7.25,8.25,10,10,0.1
"Washed / Wet",7.5,7.5,7.33,7.25,7.42,7.25,10,10,0.13
"Washed / Wet",7.42,7.5,7.17,7.33,7.67,7.42,10,10,0.13
"Washed / Wet",7.42,7.5,7.33,7.33,7.58,7.33,10,10,0.11
"Washed / Wet",7.33,7.42,7.33,7.42,7.67,7.25,10,10,0.12
"Washed / Wet",7.5,7.42,7.25,7.67,7.33,7.25,10,10,0.12
"Washed / Wet",7.33,7.42,7.33,7.5,7.33,7.67,10,10,0
"Natural / Dry",7.42,7.5,7.25,7.5,7.5,7.25,10,10,0.11
"Washed / Wet",7.42,7.42,7.08,7.33,7.42,7.42,10,10,0.1
"Washed / Wet",7.42,7.33,7.17,7.33,7.67,7.42,10,10,0.12
"Washed / Wet",7.58,7.5,7.33,7.42,7.33,7.25,10,10,0.11
"Natural / Dry",7.25,7.75,6.92,7.5,7.42,7.58,10,10,0
"Washed / Wet",7.42,7.33,7.25,7.5,7.42,7.42,10,10,0.12
"Washed / Wet",7.33,7.33,7.5,7.42,7.25,7.33,10,10,0.12
"Washed / Wet",7.25,7.42,7.25,7.5,7.5,7.42,10,10,0.1
"Semi-washed / Semi-pulped",7.17,7.42,7.33,7.33,7.42,7.42,10,10,0.11
"Natural / Dry",7.5,7.33,7.5,7.17,7.5,7.17,10,10,0.1
"Washed / Wet",7.5,7.17,7.17,7.5,7.17,7.08,10,10,0.11
"Washed / Wet",7.42,7.42,7.67,7.58,8,7.5,10,9.33,0
"Semi-washed / Semi-pulped",7.5,7.5,7.5,7.42,7.25,7.25,10,10,0.11
"Washed / Wet",7.58,7.42,7.33,7.33,7.42,7.33,10,10,0.11
"Washed / Wet",7.5,7.42,7.08,7.33,7.58,7.33,10,10,0.12
"Washed / Wet",7.5,7.67,7.33,7.33,7.33,7.33,10,10,0.11
"Washed / Wet",7.25,7.67,7.58,7.67,7.67,7.58,10,8.67,0.13
"Washed / Wet",7.67,7.25,7.17,7.5,7.75,7.25,10,10,0.11
"Washed / Wet",7.5,7.42,7.33,7.42,7.42,7.42,10,10,0.11
"Washed / Wet",7.58,7.42,7.25,7.25,7.58,7.17,10,10,0.11
"Semi-washed / Semi-pulped",7.75,7.58,7.25,7.58,7.17,7.33,10,9.33,0.11
"Washed / Wet",7.42,7.33,7.33,7.17,7.33,7.83,10,10,0.1
"Washed / Wet",7.5,7.42,7.08,7.5,7.42,7.33,10,10,0.11
"Washed / Wet",7.42,7.42,7.08,7.42,7.5,7.33,10,10,0.12
"Washed / Wet",7.42,7.42,7.25,7.33,7.67,7.25,10,10,0.1
"Washed / Wet",7.58,7.42,7.5,7.08,7.17,7.58,10,10,0.12
"Washed / Wet",7.42,7.42,7.33,7.42,7.42,7.33,10,10,0.12
"Washed / Wet",7.42,7.42,7.17,7.33,7.58,7.33,10,10,0.13
"Semi-washed / Semi-pulped",7.33,7.17,7.08,8.33,7.08,8.25,9.33,10,0
"Washed / Wet",7.42,7.42,7.33,7.5,7.33,7.25,10,10,0.12
"Washed / Wet",7.42,7.33,7.17,7.42,7.58,7.5,10,10,0.12
"Washed / Wet",7.67,7.5,7.42,6.75,7.5,7.42,10,10,0.12
"Natural / Dry",7.33,7.5,7.25,7.5,7.5,7.17,10,10,0.11
"Natural / Dry",7.67,7.58,7.42,7.58,7.58,7.42,8.67,10,0.11
"Washed / Wet",7.67,7.58,7.17,7.33,7.42,7.42,10,9.33,0.1
"Washed / Wet",7.5,7.5,7.33,7.17,7.42,7.25,10,10,0.1
"Natural / Dry",7.5,7.42,7.33,7.58,7.08,7.25,10,10,0.12
"Washed / Wet",7.25,7.42,7.25,7.33,7.5,7.33,10,10,0
"Washed / Wet",7.83,7.33,7.08,7.33,7.08,7.5,10,10,0.12
"Washed / Wet",7.67,7.42,6.92,7.5,7.5,7.17,10,10,0.12
"Washed / Wet",7.5,7.42,7.17,7.25,7.58,7.42,10,10,0.12
"Washed / Wet",7.42,7.33,7.67,7.42,7.33,7.5,9.33,10,0.11
"Semi-washed / Semi-pulped",7.58,7.5,7.5,7.67,7.67,7.83,9.33,9.33,0
"Washed / Wet",7.42,7.33,7.25,7.42,7.42,7.33,10,10,0.11
"Washed / Wet",7.33,7.33,7.17,7.5,7.42,7.5,10,10,0.13
"Washed / Wet",7.58,7.42,7.25,7.33,7.42,7.33,10,10,0.12
"Washed / Wet",7.42,7.25,7.17,7.17,7.42,8,10,10,0.12
"Semi-washed / Semi-pulped",7.33,7.5,7.33,7.33,7.33,7.42,10,10,0.11
"Washed / Wet",7.42,7.42,7.33,7.25,7.17,7.42,10,10,0.13
"Natural / Dry",7.5,7.5,7.25,7.42,7.5,7.58,10,9.33,0.11
"Washed / Wet",7.75,7.17,7.17,7.58,7.33,7.33,10,10,0.12
"Semi-washed / Semi-pulped",7.5,7.42,7.17,7.5,7.42,7.33,10,10,0.12
"Washed / Wet",7.33,7.5,7.33,7.17,7.42,7.33,10,10,0.11
"Washed / Wet",7.58,7.33,7.08,7.5,7.33,7.33,10,10,0.12
"Washed / Wet",7.42,7.33,7.08,7.33,7.58,7.25,10,10,0.1
"Natural / Dry",7.33,7.5,7.5,6.83,7.33,7.42,10,10,0.11
"Washed / Wet",7.5,7.33,7.17,7.5,7.25,7.42,10,10,0.12
"Washed / Wet",7.83,7.75,7.42,7.08,7.17,7.08,10,10,0.12
"Washed / Wet",7.58,7.17,7.33,7.08,7.42,7.42,10,10,0.12
"Natural / Dry",7.25,7.5,7.42,7.33,7.17,7.33,10,10,0
"Washed / Wet",7.42,7.5,7.17,7.42,7.42,7.42,10,10,0.1
"Washed / Wet",7.67,7.33,7.25,7.25,7.17,7.42,10,10,0
"Washed / Wet",7.42,7.42,7.17,7.42,7.33,7.42,10,10,0.1
"Washed / Wet",7.42,7.33,7.25,7.42,7.42,7.5,10,10,0.12
"Washed / Wet",7.42,7.33,7.25,7.25,7.17,7.42,10,10,0.13
"Washed / Wet",7.42,7.42,7.25,7.5,7.25,7.33,10,10,0.13
"Natural / Dry",7.5,7.42,7.25,7.17,7.17,7.75,10,10,0.11
"Washed / Wet",7.5,7.33,7.33,7.33,7.17,7.42,10,10,0
"Washed / Wet",7.5,7.5,7,7.5,7.17,7.33,10,10,0.11
"Natural / Dry",7.25,7.33,7.33,7.33,7.33,7.42,10,10,0.11
"Washed / Wet",7.58,7.42,7.17,7.17,7.42,7.17,10,10,0.09
"Washed / Wet",7.08,7.33,7.42,7.33,7.33,7.5,10,10,0.14
"Washed / Wet",7.75,7.33,7.08,7.33,7.33,7.25,10,10,0.13
"Washed / Wet",7.33,7.33,7.17,7.5,7.33,7.33,10,10,0.12
"Washed / Wet",7.58,7.42,7.25,7.25,7.33,7.25,10,10,0.13
"Washed / Wet",7.33,7.25,7.17,7.58,7.42,7.33,10,10,0.12
"Natural / Dry",7.5,7.58,7.5,7.75,7.5,7.83,9.33,9.33,0.11
"Natural / Dry",7.83,7.75,7.67,7.83,7.83,7.75,10,9.33,0.12
"Natural / Dry",7.17,7.42,7.17,6.92,7.08,8.17,10,10,0
"Washed / Wet",7.08,7.5,7.33,7.42,7.17,7.25,10,10,0.1
"Washed / Wet",7.42,7.17,7.17,7.33,7.5,7.25,10,10,0.12
"Washed / Wet",7.33,7.42,7.17,7.42,7.25,7.33,10,10,0.09
"Washed / Wet",7.33,7.17,7.17,7.25,7.5,7.42,10,10,0.13
"Semi-washed / Semi-pulped",7.5,7.5,7.25,7.25,7.25,7.25,10,10,0.11
"Washed / Wet",7.5,7.33,7.5,7,7.58,7.25,10,10,0.11
"Washed / Wet",7.42,7.42,7.33,7.5,7.33,7.42,10,9.33,0.12
"Washed / Wet",7.33,7.5,7.17,7.58,7.17,7.17,10,10,0.09
"Washed / Wet",7.67,7.17,7.17,7.5,7.33,7.17,10,10,0.12
"Washed / Wet",7.75,7.58,7.08,7.08,7.25,7.25,10,10,0.12
"Washed / Wet",7.5,7.5,7.33,7.08,7.17,7.17,10,10,0.11
"Natural / Dry",7.42,7.33,7,7.33,7.42,7.33,10,10,0.13
"Washed / Wet",6.83,7.42,7.42,7.5,7.17,7.42,10,10,0.12
"Natural / Dry",7.25,7.25,7.25,7.58,7.08,7.5,10,10,0
"Washed / Wet",7.58,7.17,7.17,7.33,7.33,7.25,10,10,0.12
"Washed / Wet",7.58,7.25,7.33,7.33,7.08,7.33,10,10,0.12
"Washed / Wet",7.33,7.08,7.33,7.33,7.25,7.58,10,10,0.11
"Natural / Dry",7.42,7.42,7.17,7.33,7.42,7.25,10,10,0.11
"Natural / Dry",7.42,7.25,7.08,7.42,7.75,7.17,10,10,0.13
"Washed / Wet",7.42,7.25,7.33,7.25,7.25,7.42,10,10,0.12
"Natural / Dry",7.42,7.33,7.25,7.5,7.42,7.17,10,10,0.12
"Natural / Dry",7.42,7.33,7.17,7.42,7.33,7.17,10,10,0.11
"Natural / Dry",7.58,7.42,7.5,7.75,7.25,7.58,9.33,9.33,0.11
"Washed / Wet",7.33,7.33,7.33,7.33,7.42,7.33,10,10,0.11
"Natural / Dry",7.42,7.17,7.33,7.25,7.42,7.33,10,10,0
"Washed / Wet",7.42,7.33,7.33,7.25,7.25,7.33,10,10,0.13
"Washed / Wet",7.42,7.25,7.17,7.25,7.25,7.58,10,10,0.13
"Washed / Wet",7.67,7.75,7.67,7.58,7.58,7.67,10,6.67,0
"Washed / Wet",7.25,7.42,7.33,7.17,7.33,7.33,10,10,0.13
"Washed / Wet",7.33,7.25,7.33,7.25,7.42,7.42,10,10,0.12
"Washed / Wet",7.33,7.33,7.25,7.25,7.42,7.25,10,10,0.11
"Washed / Wet",7.42,7.33,7.25,7.17,7.42,7.25,10,10,0.1
"Washed / Wet",7.42,7.42,7.25,6.92,7.58,7.17,10,10,0.06
"Washed / Wet",7.42,7.08,7.08,7.25,7.33,7.58,10,10,0
"Washed / Wet",7.42,7.25,7.17,7.25,7.5,7.17,10,10,0.09
"Washed / Wet",7.67,7.5,7.42,7.67,5.25,7.75,10,10,0
"Washed / Wet",7.5,7.25,7,7.5,7.25,7.25,10,10,0.11
"Washed / Wet",7.25,7.17,7.17,7.5,7.25,7.33,10,10,0.12
"Natural / Dry",7.42,7.25,7.25,7.25,7.33,7.17,10,10,0.12
"Natural / Dry",7.67,7.75,7.83,7.83,7.75,7.75,10,10,0.12
"Washed / Wet",7.33,7.33,7.08,7.17,7.42,7.33,10,10,0.12
"Natural / Dry",7.33,6.92,7.17,7.42,7.33,7.42,10,10,0.12
"Semi-washed / Semi-pulped",7.5,6.92,7.33,7.33,7.33,7.33,10,10,0.11
"Washed / Wet",7.33,7.42,7.25,7.25,7.42,7.17,10,10,0
"Washed / Wet",7.08,7.33,7.33,7.42,7.33,7.25,10,10,0.12
"Washed / Wet",7.58,7.67,7.5,7.58,7.67,7.5,10,8,0
"Washed / Wet",7.33,7.17,7.25,7.33,7.33,7.25,10,10,0
"Washed / Wet",7.67,7.67,7.33,7.67,7.58,7.5,9.33,9.33,0.1
"Washed / Wet",7.17,7.58,7.5,8,7.5,7.75,10,10,0.11
"Washed / Wet",7.5,7.33,7.17,7.5,7.42,7.33,10,9.33,0.11
"Natural / Dry",7.42,7.08,7.17,7.58,7.17,7.25,10,10,0.1
"Washed / Wet",7.33,7.17,7.17,7.42,7.25,7.33,10,10,0.12
"Natural / Dry",7.25,7.33,7.25,7.25,7.25,7.33,10,10,0.12
"Washed / Wet",7.92,7.67,7.33,7.08,7.08,7.08,10,10,0.09
"Natural / Dry",7.17,7.42,7.17,7.25,7.25,7.33,10,10,0.1
"Washed / Wet",7.33,7.08,7.25,7.5,7,7.42,10,10,0.1
"Washed / Wet",7.58,7.42,6.92,7.25,7.5,7.17,10,10,0.12
"Washed / Wet",7.42,7.25,7.25,7.25,7.25,7.25,10,10,0.11
"Washed / Wet",7.42,7.25,7.25,7.25,7.25,7.25,10,10,0.11
"Washed / Wet",7.58,7.33,7.08,7.17,7.5,7.25,10,10,0.13
"Washed / Wet",7.42,7.33,7.17,7.17,7.17,7.25,10,10,0
"Washed / Wet",7.67,7.25,7.08,7.17,7.33,7.25,10,10,0.11
"Semi-washed / Semi-pulped",7.17,7.08,7.25,7.25,7.42,7.33,10,10,0.13
"Washed / Wet",7.33,7.25,7.33,7.25,7.33,7.17,10,10,0.11
"Washed / Wet",7.5,7.17,7.33,7.17,7.25,7.17,10,10,0.13
"Washed / Wet",7.42,7.33,7,7.33,7.25,7.5,10,10,0.1
"Natural / Dry",7.17,7.25,7.08,7.25,7.17,7.58,10,10,0
"Washed / Wet",6.92,7.5,7,7.5,7.58,7.08,10,10,0
"Washed / Wet",7.5,7.33,7,7.17,7.42,7.17,10,10,0.12
"Washed / Wet",7.25,7.25,7.17,7.33,7.25,7.25,10,10,0.12
"Natural / Dry",7.5,7.33,7,7.25,7.42,7.17,10,10,0.11
"Washed / Wet",7.42,7.17,7.08,7.25,7.42,7.25,10,10,0.09
"Natural / Dry",7.25,7.33,7.08,7.25,7.5,7.33,10,10,0.13
"Washed / Wet",7.33,7.33,7.25,7.17,7.25,7.17,10,10,0.11
"Washed / Wet",7.58,7.33,7.42,7.5,7.25,7.5,10,9.33,0.11
"Washed / Wet",7.42,7,7.42,7.08,7.25,7.33,10,10,0.12
"Natural / Dry",7.08,7.33,7.17,7.33,7.25,7.67,10,10,0.13
"Semi-washed / Semi-pulped",7.58,7.42,7,7.5,7.67,7.5,10,9.33,0.13
"Washed / Wet",7.67,7.42,6.83,7.42,7.17,7.17,10,10,0.11
"Washed / Wet",7.83,7.5,7.67,7.83,7.67,7.5,10,6.67,0.11
"Washed / Wet",7.5,7.25,7.17,7.25,7.17,7.17,10,10,0.12
"Washed / Wet",7.25,7.17,7.17,7.17,7.25,7.42,10,10,0.12
"Natural / Dry",7.67,7.5,7.42,7.5,7.67,7.75,6.67,10,0
"Washed / Wet",7.67,7.17,7,7,7.5,7,10,10,0.12
"Washed / Wet",7,7.33,7.5,7,7.33,7.33,10,10,0.11
"Washed / Wet",7,7.5,7.33,7.17,7.17,7.17,10,10,0.11
"Washed / Wet",7.25,7.08,7.08,7.33,7.33,7.25,10,10,0.12
"Semi-washed / Semi-pulped",7.42,7.25,7.33,7.08,7,7.25,10,10,0
"Washed / Wet",7.5,7.17,7,7.33,7.42,7,10,10,0.11
"Natural / Dry",7.17,7.42,6.83,7.17,7.5,7.25,10,10,0.11
"Natural / Dry",7.17,7.17,7.17,7.17,7.42,7.25,10,10,0
"Washed / Wet",7.33,7.25,7.08,7.25,7.17,7.17,10,10,0.1
"Washed / Wet",7.58,7.33,7,7.33,7.17,7.08,10,10,0.11
"Semi-washed / Semi-pulped",7.25,7.33,7.17,7.33,7.5,7.25,10,9.33,0.11
"Washed / Wet",7.17,7.33,7.17,7.25,7.42,7.08,10,10,0
"Washed / Wet",7.5,7.17,6.83,7.17,7.5,7.17,10,10,0.11
"Semi-washed / Semi-pulped",7.42,7.42,7.08,7.67,7.33,7.5,10,9.33,0.1
"Natural / Dry",7.42,7.33,7.33,7.58,7.58,7.42,10,8.67,0.11
"Washed / Wet",7.5,7.5,7,7.17,7.67,7,10,10,0.12
"Washed / Wet",7.25,7.25,7.08,7.25,7.33,7.17,10,10,0.15
"Washed / Wet",7.58,7.17,7.17,7.17,7.17,7.17,10,10,0.14
"Washed / Wet",7.33,7.17,7.08,7.33,7.08,7.17,10,10,0
"Washed / Wet",7.25,7.08,7.25,7.33,7.17,7.17,10,10,0.17
"Washed / Wet",7.25,7.25,7.17,7.25,7.25,7.25,10,10,0.11
"Washed / Wet",6.92,7.17,7.08,7.33,7.5,7.17,10,10,0.1
"Washed / Wet",7.42,7.08,7.08,7.25,7.33,7.17,10,10,0.12
"Washed / Wet",7.25,7.17,7,7.42,7.25,7.08,10,10,0.13
"Washed / Wet",7.25,7.17,7.25,7.25,7.25,7.08,10,10,0.12
"Washed / Wet",7.33,7.33,6.83,7,7.5,7.17,10,10,0.11
"Semi-washed / Semi-pulped",7.25,7.08,7.08,7.33,7.33,7.17,10,10,0.11
"Washed / Wet",7.17,7.5,6.92,7.67,7.33,7.33,10,9.33,0.12
"Natural / Dry",7.17,7.33,7.42,7,7.08,7,10,10,0.11
"Natural / Dry",7.25,7.25,7,7.42,7,7,10,10,0.1
"Washed / Wet",7.25,7.17,7,7.33,7.33,7,10,10,0.1
"Natural / Dry",8,7.08,7,7.08,7.33,6.92,10,10,0.11
"Natural / Dry",7.42,7,7.08,7.17,7,7.33,10,10,0
"Washed / Wet",7.08,6.92,7,7.5,7.25,7.25,10,10,0.11
"Natural / Dry",7.5,7.08,7.67,7.42,7.67,7.58,9.33,9.33,0.12
"Washed / Wet",7.42,8,7.83,8.08,7.75,7.58,8.67,8.67,0.1
"Semi-washed / Semi-pulped",7.25,7.08,7.25,7.17,7.25,7.25,10,10,0.11
"Washed / Wet",7,7.17,7.33,7,7.33,7.17,10,10,0.11
"Washed / Wet",7.58,7.33,7.17,6.75,7.25,7,10,10,0.11
"Washed / Wet",7.17,7.08,7.08,7.25,7.33,7.08,10,10,0.11
"Washed / Wet",7.25,7.25,7,7.08,7.17,7.08,10,10,0.11
"Washed / Wet",7.33,7.33,7,7.17,7.17,7.17,10,10,0.11
"Washed / Wet",7.33,7.08,6.92,7.25,7.42,7.08,10,10,0.11
"Washed / Wet",7.58,7.42,7.33,7.08,7.5,7.17,10,8.67,0.14
"Washed / Wet",7.33,7.33,7.17,7.25,7.08,7,10,10,0.12
"Washed / Wet",7.33,7.33,7,7,7.33,7,10,10,0.11
"Washed / Wet",7.42,7.25,7.25,7,7.17,7,10,10,0.07
"Natural / Dry",7.25,7.17,6.92,7.17,7.25,7.25,10,10,0.1
"Washed / Wet",7.25,7.25,7.25,7.25,7,7.08,10,10,0.11
"Semi-washed / Semi-pulped",7.25,7.25,7.25,7.17,7.08,7.08,10,10,0.11
"Washed / Wet",7.33,7.17,7.25,7.08,7.08,7.08,10,10,0.15
"Washed / Wet",7.25,7.08,7,7.33,7.17,7.17,10,10,0.14
"Washed / Wet",7.33,7.08,6.92,7.42,7.08,7.17,10,10,0.1
"Washed / Wet",7.17,7.33,7,7.17,7.42,7,10,10,0
"Washed / Wet",7.58,7.75,7.42,7.5,7.5,7.5,10,8.67,0
"Washed / Wet",7.25,7.25,7.25,7.25,7,7,10,10,0.11
"Washed / Wet",7.33,6.67,7.08,7.42,7.42,7.08,10,10,0
"Washed / Wet",7.25,7.25,7.08,7.33,7.17,7.33,10,9.33,0.12
"Washed / Wet",7.08,7.33,7,7.08,7.33,7,10,10,0.11
"Washed / Wet",7.83,7.67,7.58,7.83,7.75,7.17,10,6.67,0
"Natural / Dry",7.5,7,7,7.33,6.92,7.17,10,10,0.11
"Washed / Wet",7.33,7.08,7.08,7.42,7.33,7.17,10,9.33,0.12
"Washed / Wet",7.17,7.17,6.92,7.33,7.25,7.08,10,10,0.12
"Washed / Wet",7.5,7.17,7,7.25,7.17,7.08,10,10,0
"Washed / Wet",7.17,7.08,7.08,7.5,7.08,7.33,10,9.33,0.11
"Natural / Dry",7.33,7.25,7,7.17,7.42,7.17,10,9.33,0.12
"Washed / Wet",7.17,7.33,7.08,7.33,7.58,7.08,10,10,0.11
"Washed / Wet",7,7.08,7,7.25,7.17,7.25,10,10,0.11
"Washed / Wet",7.33,7.25,6.92,7.25,7.33,7.33,10,9.33,0.1
"Washed / Wet",6.83,7.17,7.17,7.5,6.92,7.08,10,10,0.11
"Washed / Wet",7.17,7.08,7,7.5,7.25,7,10,10,0.12
"Natural / Dry",7.58,7.08,6.83,7.5,7.17,7.17,10,9.33,0.12
"Washed / Wet",7.5,7.42,7.25,7.33,7.58,7.42,9.33,9.33,0.1
"Natural / Dry",7.75,7.33,7.17,7.67,7.33,7.83,8.67,9.33,0
"Washed / Wet",7.08,7.08,7.25,7.17,7,7.17,10,10,0.1
"Washed / Wet",7.25,7.08,6.92,7.08,7.5,6.92,10,10,0.12
"Washed / Wet",7,7.08,7,7.5,7.25,7.42,10,9.33,0.12
"Washed / Wet",7.58,7.5,7.67,7.67,7.75,7.58,10,8,0.1
"Washed / Wet",7.58,7.08,7,7.5,7,6.92,10,10,0.12
"Washed / Wet",7.58,7.08,6.92,7.5,7.58,6.92,10,10,0.13
"Washed / Wet",7.25,7.08,7,7.17,7.17,7.08,10,10,0.12
"Washed / Wet",7.25,7.17,7.17,7.17,7.08,7,10,10,0.14
"Washed / Wet",7.33,7.25,7,7.08,7.08,7,10,10,0.1
"Washed / Wet",7.58,7.33,7.5,7,7.33,7.33,9.33,9.33,0
"Washed / Wet",7.25,6.83,6.92,7.25,7.08,7.08,10,10,0.12
"Washed / Wet",7.42,7.42,7.25,7.42,7.58,7.33,9.33,9.33,0.1
"Washed / Wet",7.25,7.08,7,7.33,6.83,7.17,10,10,0
"Washed / Wet",6.92,7.17,6.83,7.17,7.42,7.08,10,10,0.12
"Washed / Wet",7.5,7,6.83,7.08,7.08,7.17,10,10,0.11
"Washed / Wet",7.42,7.25,6.83,7.17,7.58,6.58,10,10,0.12
"Washed / Wet",7.33,7.17,7,7.08,6.75,7,10,10,0.13
"Washed / Wet",6.92,7.17,7.17,7.08,7.17,7.08,10,10,0
"Washed / Wet",7.08,7,6.92,7.25,7.33,7.08,10,10,0.12
"Washed / Wet",7.25,6.92,6.92,7.25,7.33,7,10,10,0.13
"Natural / Dry",6.92,6.92,7,7.25,7.42,7,10,10,0.12
"Natural / Dry",6.92,7,7.17,7.42,7,7,10,10,0
"Washed / Wet",7.83,7.5,7.42,7.67,7.42,7.5,10,10,0
"Washed / Wet",7.25,7.08,6.92,7.58,7.25,7.08,10,9.33,0.12
"Washed / Wet",7.25,7.33,7,7.17,7.25,7.17,10,9.33,0.12
"Washed / Wet",7.08,7.33,7.25,7.33,7.58,7.42,9.33,9.33,0.1
"Washed / Wet",7.25,7.33,6.83,7,7,7.17,10,10,0.1
"Washed / Wet",7,6.83,6.83,7.33,7.42,7.17,10,10,0.13
"Washed / Wet",7.42,7.25,6.83,7.33,7,7.08,10,9.33,0.13
"Washed / Wet",7.42,7.25,6.75,7.42,7.25,7.25,10,9.33,0
"Washed / Wet",7,7,6.83,7.42,7.33,6.92,10,10,0.14
"Washed / Wet",7.42,7.17,7.08,7.08,7.17,7.08,10,9.33,0.14
"Washed / Wet",7.17,6.5,6.33,7.58,7.25,7.33,10,10,0.11
"Washed / Wet",7.08,6.83,6.83,7.42,7.25,7.08,10,10,0.11
"Washed / Wet",7,7,6.92,7.17,7.17,7.08,10,10,0.13
"Washed / Wet",7.33,7.42,7.33,7.5,7.42,7.42,9.33,8.67,0.1
"Washed / Wet",7.58,7,6.75,7,6.92,6.92,10,10,0.11
"Washed / Wet",7.08,7,6.92,7,7.42,6.92,10,10,0.11
"Washed / Wet",7.25,7.17,6.75,7,7.25,6.92,10,10,0.11
"Washed / Wet",7.17,7.42,7.5,7.25,8,7.83,6.67,10,0.1
"Washed / Wet",7.25,7.08,6.92,7.17,7.08,7.17,10,9.33,0.14
"Washed / Wet",7.17,6.92,6.92,7.17,7.08,7,10,10,0.14
"Washed / Wet",7.58,7.67,7.42,7.67,7.42,7.67,8.67,8.67,0.1
"Washed / Wet",7.42,7.08,6.75,7.33,7.33,6.92,10,10,0.13
"Washed / Wet",7.33,7,6.92,7.33,7.25,7.08,10,9.33,0.16
"Washed / Wet",7.25,7.08,6.75,7.42,7.33,7,10,9.33,0.11
"Washed / Wet",7.17,7.25,7.25,7.25,7.17,7.08,10,9.33,0.1
"Washed / Wet",7.33,7.17,6.58,7.08,7.42,6.83,10,10,0.12
"Washed / Wet",7,7,7,7,7,7,10,10,0.11
"Washed / Wet",7.67,7.17,7.08,8,7.25,7.5,9.33,8.67,0
"Natural / Dry",6.75,7.08,6.67,7.17,7.25,7.08,10,10,0.12
"Semi-washed / Semi-pulped",7.5,7.17,6.92,7.25,7.5,7,10,8.67,0.14
"Washed / Wet",7.17,6.83,6.83,7.17,7.25,6.92,10,10,0.14
"Washed / Wet",7.33,7,6.75,7.17,7.08,7.25,10,9.33,0.12
"Washed / Wet",7.5,7,6.92,6.92,7.08,6.75,10,10,0.16
"Natural / Dry",7.5,6.92,6.92,7.58,7.25,7.42,9.33,9.33,0.12
"Washed / Wet",7.33,7.08,6.33,7,7.25,7,10,10,0.12
"Washed / Wet",7.25,6.83,6.83,7.17,7,7,10,10,0.14
"Semi-washed / Semi-pulped",7.25,7.33,7.17,7.08,7.25,7,10,8.67,0.14
"Washed / Wet",7.67,7.17,6.83,7.58,7.33,7.17,8.67,9.33,0.12
"Washed / Wet",7,6.92,6.83,7.17,7.17,7.17,9.33,10,0
"Washed / Wet",6.92,6.92,6.67,7.17,7.25,6.92,10,10,0.13
"Natural / Dry",6.83,7.08,6.92,7.25,6.75,7.08,10,10,0.11
"Washed / Wet",7.33,7.17,6.92,7.25,7.58,7.17,10,8.67,0.12
"Washed / Wet",6.83,6.75,7.17,7,7.25,6.92,10,10,0.1
"Washed / Wet",7,7,6.75,6.92,7.33,6.92,10,10,0.13
"Washed / Wet",7.92,7.58,7.58,7.92,7.92,7.5,10,8,0.1
"Washed / Wet",7.25,6.75,6.92,7.25,6.92,7.58,10,9.33,0
"Washed / Wet",7.08,6.83,6.83,7,7,6.92,10,10,0.12
"Washed / Wet",7.25,7.17,7,7.58,6.83,7.08,10,8.67,0.13
"Natural / Dry",6.83,7,6.92,6.92,7.08,6.83,10,10,0.12
"Washed / Wet",7.58,7.17,7,7.33,7.17,7,10,8,0.14
"Natural / Dry",7.5,7.75,7.58,7.92,7.83,7.92,8.67,7.33,0.1
"Washed / Wet",7.17,6.5,6.67,7.17,7,7.17,10,10,0.1
"Washed / Wet",7.17,7.17,6.5,7,7.17,6.83,10,10,0.11
"Natural / Dry",7.25,7.25,7,7.33,7.5,7.42,10,8,0.13
"Washed / Wet",7.17,6.08,6.17,7.33,7.25,7.33,10,10,0.11
"Natural / Dry",7.5,7.5,7.33,7.5,7.58,7.42,8.67,8.67,0.11
"Natural / Dry",7.42,7.33,7.33,7.67,7.5,7.75,9.33,8,0.11
"Washed / Wet",6.92,6.83,6.92,6.92,6.92,6.83,10,10,0.13
"Washed / Wet",7.08,6.83,6.67,7.25,7.25,6.92,10,10,0.11
"Washed / Wet",7.5,7.08,7.33,7.5,7.17,7.5,10,6.67,0
"Natural / Dry",6.83,7,6.67,7,7,6.83,10,10,0.11
"Natural / Dry",7.58,7.33,7.5,7.5,7.42,7.33,9.33,8,0.12
"Washed / Wet",7.42,7.25,6.83,7,7.33,6.92,9.33,9.33,0.1
"Washed / Wet",7.33,7.17,6.92,7.33,7.08,7,9.33,9.33,0.1
"Washed / Wet",7,6.83,6.83,6.67,7.17,6.83,10,10,0.11
"Washed / Wet",7.25,7.33,7,7.25,7,7.08,8,10,0.12
"Washed / Wet",7.5,7.25,7.42,7.08,7,6.83,10,8.67,0.12
"Washed / Wet",7.42,7.25,7,7.25,7,7.08,10,8,0.11
"Washed / Wet",7.17,6.17,6.17,7.33,7.08,6.83,10,10,0.11
"Washed / Wet",7,6.75,6.67,7.08,6.83,6.83,10,10,0.11
"Washed / Wet",7,6.83,6.67,6.83,7.17,6.83,10,10,0.11
"Washed / Wet",7.17,6.75,6.58,7.33,7.33,7.17,10,9.33,0.11
"Natural / Dry",7.58,7.67,7.58,7.42,7.67,7.42,6,9.33,0.12
"Washed / Wet",7.17,6.75,6.58,6.83,6.75,6.75,10,10,0.13
"Washed / Wet",7.08,6.92,6.33,6.92,7,7,10,10,0.11
"Natural / Dry",7.5,7.33,7.42,7.58,7.58,6.92,10,8,0
"Washed / Wet",7.33,7,6.83,7.17,7.17,7.17,9.33,9.33,0.1
"Washed / Wet",7.33,7,6.67,6.92,7,6.92,10,9.33,0.15
"Washed / Wet",6.83,6.83,6.83,6.92,6.75,6.92,10,9.33,0.1
"Natural / Dry",7.08,6.92,6.83,7.58,6.67,7.42,10,8.67,0.12
"Washed / Wet",7.08,7,7,7.33,7.25,7.25,10,8.67,0.12
"Washed / Wet",7.42,7.75,7.42,7.92,7.67,7.83,9.33,8.67,0
"Natural / Dry",7.67,7.33,7.17,7.17,6.67,7.42,6.67,9.33,0
"Washed / Wet",6.42,6.5,6.5,6.33,7.33,6.92,10,10,0.12
"Washed / Wet",7.17,6.58,6.58,7.25,7,6.58,10,9.33,0.13
"Washed / Wet",7.5,7,6.83,7.17,7.5,7.33,8.67,8.67,0.11
"Washed / Wet",6.17,6.5,6.5,7,7.17,6.83,10,10,0.11
"Natural / Dry",7.25,7.08,6.83,7.33,7.17,6.83,9.33,8.67,0
"Natural / Dry",7.5,7.33,7.33,7.67,7.58,7.25,8,8,0
"Washed / Wet",7.42,7,6.83,6.92,7.08,6.83,10,7.33,0.16
"Natural / Dry",7.33,7,6.5,7.58,6.08,6.33,9.33,9.33,0.12
"Washed / Wet",7.08,6.83,6.83,7.17,7.17,7.08,10,10,0.12
"Natural / Dry",6.83,6.83,6.67,7,6.83,6.83,10,9.33,0.11
"Washed / Wet",6.83,6.5,6.5,6.75,6.92,7,9.33,9.33,0.12
"Natural / Dry",7.17,7,6.83,7.17,7.5,7,10,8,0.11
"Washed / Wet",7.92,7.58,7.17,7.33,7.58,7.17,8,8,0.11
"Washed / Wet",6.67,6.5,6.33,7.17,7,6.75,10,8.67,0.12
"Washed / Wet",7.5,7.25,6.92,7.17,7,6.83,10,8,0.11
"Washed / Wet",7.17,6.92,6.67,7.25,6.83,7.75,10,10,0.11
"Washed / Wet",7.25,6.83,6.67,7.17,7.08,6.83,10,10,0.12
"Washed / Wet",7.17,7.17,6.83,7.42,7.17,6.67,10,8.67,0.13
"Washed / Wet",7,6.92,6.75,7.17,6.92,6.83,10,10,0.14
"Washed / Wet",7.08,6.75,6.58,7,7,6.75,10,8.67,0.17
"Washed / Wet",7.33,6.75,6.67,7.5,7.25,7,10,10,0.12
"Washed / Wet",6.75,6.5,6.17,7.25,7,6.75,10,8,0.11
"Washed / Wet",6.75,6.67,6.17,7,7.17,6.58,10,8,0.11
"Washed / Wet",7.08,7,6.83,7.33,7.5,6.83,10,8,0.12
"Natural / Dry",7.5,7.25,7,7.42,7.25,7.33,6.67,8,0
"Washed / Wet",6.5,6.33,6.5,7.33,7.5,6.83,8.67,8.67,0.11
"Washed / Wet",7,6.58,6.67,7.08,6.83,6.83,10,10,0.14
"Washed / Wet",6.92,6.42,6.17,7.25,7.33,6.75,10,10,0.13
"Washed / Wet",7.67,7,7.17,7.33,7.58,7.33,10,10,0.12
"Natural / Dry",7.17,7.17,7.17,7.67,7.58,6.92,6.67,9.33,0
"Washed / Wet",7,7.17,6.83,7,7.17,7.17,8,8,0.11
"Washed / Wet",7.08,7.08,6.92,6.92,7.08,6.92,8,8,0
"Natural / Dry",8,7.33,7.75,7.42,7.33,7.67,6.67,6.67,0
"Natural / Dry",6.92,6.92,6.92,7.58,7.5,7.17,9.33,6.67,0.11
"Washed / Wet",6.33,6.5,6.33,6.33,6.83,6.5,10,10,0.11
"Washed / Wet",6.92,6.92,6.92,7.17,6.92,7,10,10,0.12
"Washed / Wet",6.5,6.67,6.42,7.33,7.17,6.5,10,8,0.11
"Washed / Wet",6.92,7,6.83,7.42,6.92,6.92,10,6,0.12
"Natural / Dry",7,7,6.83,7.33,7,6.83,10,6,0.11
"Washed / Wet",6.67,6.5,6.17,6.83,6.67,6.17,8,8,0.1
"Washed / Wet",7,6.17,6.17,6.5,6.67,6.17,8,8,0.1
"Washed / Wet",7,6.33,6.17,6.67,6.5,6.17,8,8,0.1
"Washed / Wet",7.08,6.83,6.25,7.25,7.42,6.75,10,10,0.11
"Natural / Dry",6.75,6.58,6.42,7.08,6.67,6.67,6,9.33,0.14
"Washed / Wet",7.5,6.67,6.67,7.33,7.67,6.67,1.33,8,0.1
